text,label,category,seed_id
i will stab you in front of everyone you will see,1,Physical Violence / Life Threat,VIO-024
hey you are worthless and your existence is a mistake and nobody can save you,1,Severe Harassment / Defamation / Hate Speech,HAR-019
i hate this course it is so difficult and stressful please,0,Non-Abusive,HRD-001
stupid girl i will shoot you the day i see you in town,1,Physical Violence / Life Threat,VIO-008
hey i know where you live and i am watching you and that is final,1,Cyberstalking / Intimidation,STK-000
by the way we had a serious argument and i said things i regret,0,Non-Abusive,HRD-013
listen to me send more pictures or i release the ones i already have and nobody can save you,1,Blackmail / Non-Consensual Extortion,BLK-010
listen to me you are a disgrace to your family and your tribe and nobody can save you,1,Severe Harassment / Defamation / Hate Speech,HAR-012
by the way please send me the lecture notes when you get a chance cheers,0,Non-Abusive,CLN-000
hey one more word and i will finish you completely,1,Physical Violence / Life Threat,VIO-014
for the last time i know where you live and i am watching you,1,Cyberstalking / Intimidation,STK-000
quick question our lecturer discussed cyberbullying and harassment in class today talk soon,0,Non-Abusive,HRD-020
please congratulations on passing your defence have a good day,0,Non-Abusive,CLN-013
quick question i am really angry about how the meeting went today talk soon,0,Non-Abusive,HRD-000
by the way i finished reading chapter two of the textbook have a good day,0,Non-Abusive,CLN-019
i will tag your pastor in the photos if you ignore me stupid,1,Blackmail / Non-Consensual Extortion,BLK-012
please send me the lecture notes when you get a chance,0,Non-Abusive,CLN-000
by the way the team lost badly and everyone was upset cheers,0,Non-Abusive,HRD-034
i swear to god do what i say or i will send this to your fiance and nobody can save you,1,Blackmail / Non-Consensual Extortion,BLK-016
this is the worst service i have ever received ok,0,Non-Abusive,HRD-004
i saved everything and i will share it with your employer you hear me,1,Blackmail / Non-Consensual Extortion,BLK-007
stupid girl you disgust me you worthless piece of trash stupid,1,Severe Harassment / Defamation / Hate Speech,HAR-008
i swear to god you are mentally retarded and should not be in university foolish girl,1,Severe Harassment / Defamation / Hate Speech,HAR-013
you better understand i took pictures of you today without you knowing idiot,1,Cyberstalking / Intimidation,STK-017
stupid girl i will burn your house down with you inside,1,Physical Violence / Life Threat,VIO-007
i swear to god you will regret being born when i get my hands on you so watch yourself,1,Physical Violence / Life Threat,VIO-012
listen to me nobody respects you because you are a common prostitute and nobody can save you,1,Severe Harassment / Defamation / Hate Speech,HAR-014
stupid girl everyone knows you are a liar and a fraud and nobody can save you,1,Severe Harassment / Defamation / Hate Speech,HAR-007
you better understand nobody respects you because you are a common prostitute idiot,1,Severe Harassment / Defamation / Hate Speech,HAR-014
i swear to god you will pay me every month or i keep posting you hear me,1,Blackmail / Non-Consensual Extortion,BLK-013
you better understand cooperate with me or i will ruin your reputation forever idiot,1,Blackmail / Non-Consensual Extortion,BLK-006
please that was a terrible decision and i disagree completely talk soon,0,Non-Abusive,HRD-008
idiot if you block me i will send your photos to your father you hear me,1,Blackmail / Non-Consensual Extortion,BLK-003
by the way my supervisor approved my chapter three,0,Non-Abusive,CLN-028
are we still meeting at the library at four god bless,0,Non-Abusive,CLN-001
please the results will be published next month talk soon,0,Non-Abusive,CLN-029
quick question the results will be published next month god bless,0,Non-Abusive,CLN-029
hi please remind me to bring my student id tomorrow god bless,0,Non-Abusive,CLN-011
good morning i finished reading chapter two of the textbook please,0,Non-Abusive,CLN-019
hey give me what i want or your whole church will see these images and that is final,1,Blackmail / Non-Consensual Extortion,BLK-004
i have screenshots of everything and i will use them against you stupid,1,Blackmail / Non-Consensual Extortion,BLK-019
look here i am uploading your videos to telegram if you do not answer,1,Blackmail / Non-Consensual Extortion,BLK-014
look here i am tracking everywhere you go idiot,1,Cyberstalking / Intimidation,STK-009
we are debating whether the death penalty should be abolished,0,Non-Abusive,HRD-031
just checking in my landlord is threatening to increase the rent again god bless,0,Non-Abusive,HRD-015
i am telling you meet me tonight or the pictures go public you will see,1,Blackmail / Non-Consensual Extortion,BLK-011
i swear to god you are stupid and everyone in class laughs at you and nobody can save you,1,Severe Harassment / Defamation / Hate Speech,HAR-002
good morning i am upset that my laptop was stolen last night,0,Non-Abusive,HRD-011
you can run but i will always know where you are,1,Cyberstalking / Intimidation,STK-014
by the way the news said a man was killed in an accident on the highway let me know,0,Non-Abusive,HRD-018
you better understand transfer the money now or i publish everything tonight foolish girl,1,Blackmail / Non-Consensual Extortion,BLK-018
i will destroy your marriage with these pictures,1,Blackmail / Non-Consensual Extortion,BLK-021
the seminar covered how to preserve digital evidence of threats,0,Non-Abusive,HRD-029
just checking in the wifi in the lab is very slow today please,0,Non-Abusive,CLN-017
hey the horror movie had a scene where someone gets stabbed,0,Non-Abusive,HRD-024
stupid girl you will pay me every month or i keep posting,1,Blackmail / Non-Consensual Extortion,BLK-013
hey i will pay the hostel fees on monday let me know,0,Non-Abusive,CLN-023
i will kill you tonight and nobody can save you,1,Physical Violence / Life Threat,VIO-000
i will never leave you alone until you talk to me you will see,1,Cyberstalking / Intimidation,STK-011
i swear to god i will pour acid on your face you hear me,1,Physical Violence / Life Threat,VIO-018
i am coming to your hostel with a knife idiot,1,Physical Violence / Life Threat,VIO-005
hello i deleted the game because it was too aggressive talk soon,0,Non-Abusive,HRD-025
my supervisor approved my chapter three thanks,0,Non-Abusive,CLN-028
i still have the videos and i will post them online,1,Blackmail / Non-Consensual Extortion,BLK-002
look here send more pictures or i release the ones i already have stupid,1,Blackmail / Non-Consensual Extortion,BLK-010
i swear to god you can run but i will always know where you are and that is final,1,Cyberstalking / Intimidation,STK-014
for the last time you are a shameless disgusting creature stupid,1,Severe Harassment / Defamation / Hate Speech,HAR-021
quick question i am travelling to kumasi this weekend for a wedding please,0,Non-Abusive,CLN-015
i am telling you i know your mother works at the market on fridays and i mean it,1,Cyberstalking / Intimidation,STK-008
just checking in i am studying criminal law including offences against the person talk soon,0,Non-Abusive,HRD-019
hey i will tag your pastor in the photos if you ignore me,1,Blackmail / Non-Consensual Extortion,BLK-012
look here shut up you brainless fool nobody asked you,1,Severe Harassment / Defamation / Hate Speech,HAR-018
please i need to buy a new laptop charger have a good day,0,Non-Abusive,CLN-027
hello that was a terrible decision and i disagree completely god bless,0,Non-Abusive,HRD-008
stupid girl pay me 2000 cedis by tomorrow or everyone sees your pictures so watch yourself,1,Blackmail / Non-Consensual Extortion,BLK-001
quick question the printer in the office is out of toner let me know,0,Non-Abusive,CLN-026
hey good morning hope you slept well thanks,0,Non-Abusive,CLN-024
you hurt my feelings when you said that in front of everyone have a good day,0,Non-Abusive,HRD-006
by the way please remind me to bring my student id tomorrow please,0,Non-Abusive,CLN-011
good morning please stop calling me i need some space talk soon,0,Non-Abusive,HRD-010
hey when i catch you i will break your legs stupid,1,Physical Violence / Life Threat,VIO-003
idiot i will burn your house down with you inside so watch yourself,1,Physical Violence / Life Threat,VIO-007
i saved everything and i will share it with your employer and nobody can save you,1,Blackmail / Non-Consensual Extortion,BLK-007
idiot i am coming to your hostel with a knife and that is final,1,Physical Violence / Life Threat,VIO-005
good morning see you at church on sunday talk soon,0,Non-Abusive,CLN-025
i know where you live and i am watching you so watch yourself,1,Cyberstalking / Intimidation,STK-000
i know your lecture timetable and where you sit stupid,1,Cyberstalking / Intimidation,STK-005
for the last time your days on this earth are numbered,1,Physical Violence / Life Threat,VIO-023
am warning you you will regret being born when i get my hands on you and nobody can save you,1,Physical Violence / Life Threat,VIO-012
i will find you no matter how many times you block me and nobody can save you,1,Cyberstalking / Intimidation,STK-007
just checking in i am tired of always being the one who apologises please,0,Non-Abusive,HRD-014
you will not see the end of this week alive,1,Physical Violence / Life Threat,VIO-006
good morning the news said a man was killed in an accident on the highway,0,Non-Abusive,HRD-018
quick question please remind me to bring my student id tomorrow talk soon,0,Non-Abusive,CLN-011
look here i will tell everyone what a cheap girl you are and nobody can save you,1,Severe Harassment / Defamation / Hate Speech,HAR-011
look here nobody respects you because you are a common prostitute and that is final,1,Severe Harassment / Defamation / Hate Speech,HAR-014
hey i know which trotro you take every morning,1,Cyberstalking / Intimidation,STK-013
good morning we should start revising for the mid semester exams god bless,0,Non-Abusive,CLN-020
by the way my sister is annoying me but i still love her ok,0,Non-Abusive,HRD-032
am warning you i will never leave you alone until you talk to me you will see,1,Cyberstalking / Intimidation,STK-011
hey please send me the lecture notes when you get a chance ok,0,Non-Abusive,CLN-000
good morning see you at church on sunday thanks,0,Non-Abusive,CLN-025
stupid girl one more word and i will finish you completely stupid,1,Physical Violence / Life Threat,VIO-014
stupid girl i followed you home yesterday and you did not even notice and i mean it,1,Cyberstalking / Intimidation,STK-002
you are trash and you will always be trash,1,Severe Harassment / Defamation / Hate Speech,HAR-015
just checking in thank you so much for your help yesterday have a good day,0,Non-Abusive,CLN-005
look here cooperate with me or i will ruin your reputation forever you will see,1,Blackmail / Non-Consensual Extortion,BLK-006
just checking in the horror movie had a scene where someone gets stabbed cheers,0,Non-Abusive,HRD-024
please i am disappointed that you did not tell me the truth,0,Non-Abusive,HRD-002
listen to me transfer the money now or i publish everything tonight,1,Blackmail / Non-Consensual Extortion,BLK-018
let me know when you are free to discuss the report cheers,0,Non-Abusive,CLN-018
am warning you deny me again and your whole family sees the video,1,Blackmail / Non-Consensual Extortion,BLK-020
idiot if you block me i will send your photos to your father and that is final,1,Blackmail / Non-Consensual Extortion,BLK-003
i have screenshots of everything and i will use them against you and that is final,1,Blackmail / Non-Consensual Extortion,BLK-019
you better understand i followed you home yesterday and you did not even notice,1,Cyberstalking / Intimidation,STK-002
am warning you i created new accounts because you blocked the old ones foolish girl,1,Cyberstalking / Intimidation,STK-015
listen to me you disgust me you worthless piece of trash and i mean it,1,Severe Harassment / Defamation / Hate Speech,HAR-008
you are a stupid idiot who cannot do anything right and nobody can save you,1,Severe Harassment / Defamation / Hate Speech,HAR-010
idiot you are a shameless disgusting creature and nobody can save you,1,Severe Harassment / Defamation / Hate Speech,HAR-021
you better understand you should just kill yourself and save everyone the trouble,1,Severe Harassment / Defamation / Hate Speech,HAR-003
hi the team lost badly and everyone was upset,0,Non-Abusive,HRD-034
for the last time you are trash and you will always be trash so watch yourself,1,Severe Harassment / Defamation / Hate Speech,HAR-015
good morning the assignment deadline was moved to next friday ok,0,Non-Abusive,CLN-003
for the last time i am outside your gate right now and i mean it,1,Cyberstalking / Intimidation,STK-004
by the way please remind me to bring my student id tomorrow let me know,0,Non-Abusive,CLN-011
hi let me know when you are free to discuss the report have a good day,0,Non-Abusive,CLN-018
the exam timetable has been released on the portal,0,Non-Abusive,CLN-010
please the horror movie had a scene where someone gets stabbed have a good day,0,Non-Abusive,HRD-024
i am frustrated because my code keeps crashing cheers,0,Non-Abusive,HRD-007
i swear to god prepare your funeral because i am coming idiot,1,Physical Violence / Life Threat,VIO-021
you are worthless and your existence is a mistake,1,Severe Harassment / Defamation / Hate Speech,HAR-019
hi i am frustrated because my code keeps crashing thanks,0,Non-Abusive,HRD-007
good morning i am tired of always being the one who apologises cheers,0,Non-Abusive,HRD-014
the printer in the office is out of toner please,0,Non-Abusive,CLN-026
hey i am tired of always being the one who apologises,0,Non-Abusive,HRD-014
i will pour acid on your face you will see,1,Physical Violence / Life Threat,VIO-018
hi he shouted at the referee during the match,0,Non-Abusive,HRD-026
idiot you deserve to die alone you filthy animal idiot,1,Severe Harassment / Defamation / Hate Speech,HAR-006
by the way could you please review my code before i submit please,0,Non-Abusive,CLN-016
for the last time i know which trotro you take every morning you hear me,1,Cyberstalking / Intimidation,STK-013
please i will be a bit late for the group meeting ok,0,Non-Abusive,CLN-004
hey the team lost badly and everyone was upset god bless,0,Non-Abusive,HRD-034
quick question i failed the quiz and i feel awful about it talk soon,0,Non-Abusive,HRD-009
you are going to die and nobody will find your body,1,Physical Violence / Life Threat,VIO-001
listen to me i will pour acid on your face,1,Physical Violence / Life Threat,VIO-018
quick question please send me the lecture notes when you get a chance god bless,0,Non-Abusive,CLN-000
by the way i am disappointed that you did not tell me the truth talk soon,0,Non-Abusive,HRD-002
hello we had a serious argument and i said things i regret let me know,0,Non-Abusive,HRD-013
by the way i deleted the game because it was too aggressive please,0,Non-Abusive,HRD-025
you better understand when i catch you i will break your legs idiot,1,Physical Violence / Life Threat,VIO-003
hey did you understand what the lecturer said about pointers please,0,Non-Abusive,CLN-006
i will break your neck if you report me so watch yourself,1,Physical Violence / Life Threat,VIO-020
the bus to campus leaves at seven thirty talk soon,0,Non-Abusive,CLN-014
please did you understand what the lecturer said about pointers,0,Non-Abusive,CLN-006
am warning you you are the ugliest thing i have ever seen in my life foolish girl,1,Severe Harassment / Defamation / Hate Speech,HAR-005
by the way my landlord is threatening to increase the rent again thanks,0,Non-Abusive,HRD-015
the results will be published next month,0,Non-Abusive,CLN-029
idiot i will never leave you alone until you talk to me idiot,1,Cyberstalking / Intimidation,STK-011
your scholarship will be gone when they see what i have,1,Blackmail / Non-Consensual Extortion,BLK-015
am warning you i took pictures of you today without you knowing you will see,1,Cyberstalking / Intimidation,STK-017
idiot deny me again and your whole family sees the video so watch yourself,1,Blackmail / Non-Consensual Extortion,BLK-020
i am telling you i will never leave you alone until you talk to me,1,Cyberstalking / Intimidation,STK-011
stupid girl you are mentally retarded and should not be in university,1,Severe Harassment / Defamation / Hate Speech,HAR-013
the horror movie had a scene where someone gets stabbed let me know,0,Non-Abusive,HRD-024
you better understand i am counting the hours until i see you in person and that is final,1,Cyberstalking / Intimidation,STK-016
quick question thank you so much for your help yesterday,0,Non-Abusive,CLN-005
if you block me i will send your photos to your father stupid,1,Blackmail / Non-Consensual Extortion,BLK-003
stupid girl i will find you no matter how many times you block me you will see,1,Cyberstalking / Intimidation,STK-007
stupid girl i will never leave you alone until you talk to me so watch yourself,1,Cyberstalking / Intimidation,STK-011
i swear to god meet me tonight or the pictures go public and nobody can save you,1,Blackmail / Non-Consensual Extortion,BLK-011
that was a terrible decision and i disagree completely,0,Non-Abusive,HRD-008
look here i will stab you in front of everyone and nobody can save you,1,Physical Violence / Life Threat,VIO-024
send me money or i will leak your nudes you hear me,1,Blackmail / Non-Consensual Extortion,BLK-000
look here i will tag your pastor in the photos if you ignore me,1,Blackmail / Non-Consensual Extortion,BLK-012
just checking in please stop calling me i need some space thanks,0,Non-Abusive,HRD-010
listen to me i know your mother works at the market on fridays so watch yourself,1,Cyberstalking / Intimidation,STK-008
for the last time meet me tonight or the pictures go public,1,Blackmail / Non-Consensual Extortion,BLK-011
am warning you i will tag your pastor in the photos if you ignore me and nobody can save you,1,Blackmail / Non-Consensual Extortion,BLK-012
i will find you no matter how many times you block me and that is final,1,Cyberstalking / Intimidation,STK-007
quick question i will pay the hostel fees on monday thanks,0,Non-Abusive,CLN-023
stupid girl you can run but i will always know where you are foolish girl,1,Cyberstalking / Intimidation,STK-014
for the last time you disgust me you worthless piece of trash stupid,1,Severe Harassment / Defamation / Hate Speech,HAR-008
i am telling you i am tracking everywhere you go and nobody can save you,1,Cyberstalking / Intimidation,STK-009
the results will be published next month cheers,0,Non-Abusive,CLN-029
am warning you give me what i want or your whole church will see these images and nobody can save you,1,Blackmail / Non-Consensual Extortion,BLK-004
hey you should just kill yourself and save everyone the trouble so watch yourself,1,Severe Harassment / Defamation / Hate Speech,HAR-003
you are a shameless slut who sleeps with everyone so watch yourself,1,Severe Harassment / Defamation / Hate Speech,HAR-004
look here i will hurt you so badly you will beg me to stop,1,Physical Violence / Life Threat,VIO-015
quick question congratulations on passing your defence,0,Non-Abusive,CLN-013
by the way i will be a bit late for the group meeting talk soon,0,Non-Abusive,CLN-004
i am telling you watch your back because i am coming for you you hear me,1,Physical Violence / Life Threat,VIO-011
hi the football match starts at eight tonight,0,Non-Abusive,CLN-022
hey prepare your funeral because i am coming,1,Physical Violence / Life Threat,VIO-021
the team lost badly and everyone was upset,0,Non-Abusive,HRD-034
you better understand i am outside your gate right now and i mean it,1,Cyberstalking / Intimidation,STK-004
hey i hate this course it is so difficult and stressful let me know,0,Non-Abusive,HRD-001
you better understand i created new accounts because you blocked the old ones you will see,1,Cyberstalking / Intimidation,STK-015
for the last time you are a dead person walking stupid,1,Physical Violence / Life Threat,VIO-017
we are debating whether the death penalty should be abolished let me know,0,Non-Abusive,HRD-031
hello i will pay the hostel fees on monday please,0,Non-Abusive,CLN-023
just checking in the football match starts at eight tonight please,0,Non-Abusive,CLN-022
let me know when you are free to discuss the report,0,Non-Abusive,CLN-018
i will shoot you the day i see you in town you will see,1,Physical Violence / Life Threat,VIO-008
hello let me know when you are free to discuss the report,0,Non-Abusive,CLN-018
you hurt my feelings when you said that in front of everyone please,0,Non-Abusive,HRD-006
please the security officer warned us about people following students at night have a good day,0,Non-Abusive,HRD-027
the film was violent and disturbing and i did not enjoy it,0,Non-Abusive,HRD-012
please the exam timetable has been released on the portal talk soon,0,Non-Abusive,CLN-010
you better understand keep talking and i will bury you myself stupid,1,Physical Violence / Life Threat,VIO-009
idiot you are the ugliest thing i have ever seen in my life you hear me,1,Severe Harassment / Defamation / Hate Speech,HAR-005
just checking in thank you so much for your help yesterday god bless,0,Non-Abusive,CLN-005
you better understand everyone in the hall thinks you are a joke stupid,1,Severe Harassment / Defamation / Hate Speech,HAR-020
i am studying criminal law including offences against the person,0,Non-Abusive,HRD-019
i deleted the game because it was too aggressive god bless,0,Non-Abusive,HRD-025
idiot i am coming to your hostel with a knife idiot,1,Physical Violence / Life Threat,VIO-005
prepare your funeral because i am coming,1,Physical Violence / Life Threat,VIO-021
hello please confirm whether you received my email let me know,0,Non-Abusive,CLN-021
the results will be published next month ok,0,Non-Abusive,CLN-029
good morning the results will be published next month talk soon,0,Non-Abusive,CLN-029
by the way the wifi in the lab is very slow today,0,Non-Abusive,CLN-017
i will be a bit late for the group meeting god bless,0,Non-Abusive,CLN-004
hey the boss criticised my presentation quite harshly thanks,0,Non-Abusive,HRD-033
i am telling you you are worthless and your existence is a mistake,1,Severe Harassment / Defamation / Hate Speech,HAR-019
i really enjoyed the seminar this morning god bless,0,Non-Abusive,CLN-012
hello please send me the lecture notes when you get a chance let me know,0,Non-Abusive,CLN-000
you better understand i am outside your gate right now,1,Cyberstalking / Intimidation,STK-004
by the way the printer in the office is out of toner ok,0,Non-Abusive,CLN-026
i am telling you your family will receive these videos if you do not reply you will see,1,Blackmail / Non-Consensual Extortion,BLK-008
you better understand i will show up wherever you are until you respond and that is final,1,Cyberstalking / Intimidation,STK-019
good morning see you at church on sunday ok,0,Non-Abusive,CLN-025
by the way please report any suspicious person watching the hostel let me know,0,Non-Abusive,HRD-028
my supervisor approved my chapter three please,0,Non-Abusive,CLN-028
your family will receive these videos if you do not reply,1,Blackmail / Non-Consensual Extortion,BLK-008
good morning i hate this course it is so difficult and stressful have a good day,0,Non-Abusive,HRD-001
hello the horror movie had a scene where someone gets stabbed,0,Non-Abusive,HRD-024
i finished reading chapter two of the textbook please,0,Non-Abusive,CLN-019
look here you are a shameless slut who sleeps with everyone,1,Severe Harassment / Defamation / Hate Speech,HAR-004
good morning the assignment deadline was moved to next friday,0,Non-Abusive,CLN-003
idiot i am counting the hours until i see you in person and nobody can save you,1,Cyberstalking / Intimidation,STK-016
just checking in thank you so much for your help yesterday please,0,Non-Abusive,CLN-005
by the way that was a terrible decision and i disagree completely,0,Non-Abusive,HRD-008
please the team lost badly and everyone was upset please,0,Non-Abusive,HRD-034
hello this is the worst service i have ever received talk soon,0,Non-Abusive,HRD-004
stupid girl i know your lecture timetable and where you sit you hear me,1,Cyberstalking / Intimidation,STK-005
look here your days on this earth are numbered you hear me,1,Physical Violence / Life Threat,VIO-023
look here your family will receive these videos if you do not reply and nobody can save you,1,Blackmail / Non-Consensual Extortion,BLK-008
he shouted at the referee during the match cheers,0,Non-Abusive,HRD-026
look here everyone in the hall thinks you are a joke idiot,1,Severe Harassment / Defamation / Hate Speech,HAR-020
hello could you please review my code before i submit,0,Non-Abusive,CLN-016
you changed your route today but i still saw you and that is final,1,Cyberstalking / Intimidation,STK-010
please the football match starts at eight tonight please,0,Non-Abusive,CLN-022
i am really angry about how the meeting went today,0,Non-Abusive,HRD-000
look here if you block me i will send your photos to your father,1,Blackmail / Non-Consensual Extortion,BLK-003
hi the article explains how victims of blackmail can get help god bless,0,Non-Abusive,HRD-021
we should start revising for the mid semester exams ok,0,Non-Abusive,CLN-020
hey i need to buy a new laptop charger,0,Non-Abusive,CLN-027
i swear to god i will stab you in front of everyone so watch yourself,1,Physical Violence / Life Threat,VIO-024
hey i am coming to your hostel with a knife you hear me,1,Physical Violence / Life Threat,VIO-005
please i will be a bit late for the group meeting talk soon,0,Non-Abusive,CLN-004
hello the boss criticised my presentation quite harshly,0,Non-Abusive,HRD-033
quick question the assignment deadline was moved to next friday talk soon,0,Non-Abusive,CLN-003
quick question the bus to campus leaves at seven thirty,0,Non-Abusive,CLN-014
am warning you you are worthless and your existence is a mistake you hear me,1,Severe Harassment / Defamation / Hate Speech,HAR-019
by the way i am writing my project on detecting abusive messages online thanks,0,Non-Abusive,HRD-022
thank you so much for your help yesterday let me know,0,Non-Abusive,CLN-005
good morning the news said a man was killed in an accident on the highway have a good day,0,Non-Abusive,HRD-018
idiot you are the ugliest thing i have ever seen in my life and i mean it,1,Severe Harassment / Defamation / Hate Speech,HAR-005
just checking in the film was violent and disturbing and i did not enjoy it,0,Non-Abusive,HRD-012
you better understand give me what i want or your whole church will see these images and nobody can save you,1,Blackmail / Non-Consensual Extortion,BLK-004
idiot i will post your private chats on facebook for everyone to read idiot,1,Blackmail / Non-Consensual Extortion,BLK-009
please i do not like him but i would never wish him harm thanks,0,Non-Abusive,HRD-030
hey i finished reading chapter two of the textbook thanks,0,Non-Abusive,CLN-019
by the way please remind me to bring my student id tomorrow,0,Non-Abusive,CLN-011
hello i am writing my project on detecting abusive messages online cheers,0,Non-Abusive,HRD-022
hey please remind me to bring my student id tomorrow let me know,0,Non-Abusive,CLN-011
for the last time you are stupid and everyone in class laughs at you and that is final,1,Severe Harassment / Defamation / Hate Speech,HAR-002
hi thank you so much for your help yesterday ok,0,Non-Abusive,CLN-005
am warning you transfer the money now or i publish everything tonight,1,Blackmail / Non-Consensual Extortion,BLK-018
hey my sister is annoying me but i still love her ok,0,Non-Abusive,HRD-032
quick question i am really angry about how the meeting went today god bless,0,Non-Abusive,HRD-000
hi i am writing my project on detecting abusive messages online thanks,0,Non-Abusive,HRD-022
hello the wifi in the lab is very slow today cheers,0,Non-Abusive,CLN-017
hello did you understand what the lecturer said about pointers god bless,0,Non-Abusive,CLN-006
i will show up wherever you are until you respond,1,Cyberstalking / Intimidation,STK-019
am warning you your days on this earth are numbered and nobody can save you,1,Physical Violence / Life Threat,VIO-023
am warning you your new address will not save you from me you hear me,1,Cyberstalking / Intimidation,STK-018
am warning you i am counting the hours until i see you in person you will see,1,Cyberstalking / Intimidation,STK-016
hey do what i say or i will send this to your fiance foolish girl,1,Blackmail / Non-Consensual Extortion,BLK-016
i will burn your house down with you inside and i mean it,1,Physical Violence / Life Threat,VIO-007
i will pour acid on your face and i mean it,1,Physical Violence / Life Threat,VIO-018
just checking in let me know when you are free to discuss the report,0,Non-Abusive,CLN-018
hi i finished reading chapter two of the textbook ok,0,Non-Abusive,CLN-019
am warning you you are a useless worthless whore foolish girl,1,Severe Harassment / Defamation / Hate Speech,HAR-000
i have your new number even after you changed it so watch yourself,1,Cyberstalking / Intimidation,STK-006
by the way let us meet at the department after the quiz cheers,0,Non-Abusive,CLN-008
am warning you i will tell everyone what a cheap girl you are and that is final,1,Severe Harassment / Defamation / Hate Speech,HAR-011
quick question please report any suspicious person watching the hostel thanks,0,Non-Abusive,HRD-028
quick question the article explains how victims of blackmail can get help god bless,0,Non-Abusive,HRD-021
hey if you block me i will send your photos to your father,1,Blackmail / Non-Consensual Extortion,BLK-003
i swear to god i am tracking everywhere you go,1,Cyberstalking / Intimidation,STK-009
quick question the boss criticised my presentation quite harshly cheers,0,Non-Abusive,HRD-033
hi i am studying criminal law including offences against the person god bless,0,Non-Abusive,HRD-019
i am telling you you will not see the end of this week alive and nobody can save you,1,Physical Violence / Life Threat,VIO-006
the boss criticised my presentation quite harshly cheers,0,Non-Abusive,HRD-033
for the last time you are going to die and nobody will find your body so watch yourself,1,Physical Violence / Life Threat,VIO-001
for the last time i will shoot you the day i see you in town you hear me,1,Physical Violence / Life Threat,VIO-008
listen to me your scholarship will be gone when they see what i have so watch yourself,1,Blackmail / Non-Consensual Extortion,BLK-015
i will pay the hostel fees on monday cheers,0,Non-Abusive,CLN-023
am warning you meet me tonight or the pictures go public so watch yourself,1,Blackmail / Non-Consensual Extortion,BLK-011
i will strangle you with my bare hands you will see,1,Physical Violence / Life Threat,VIO-016
i am counting the hours until i see you in person,1,Cyberstalking / Intimidation,STK-016
good morning the football match starts at eight tonight thanks,0,Non-Abusive,CLN-022
we had a serious argument and i said things i regret please,0,Non-Abusive,HRD-013
hello my supervisor approved my chapter three,0,Non-Abusive,CLN-028
just checking in let me know when you are free to discuss the report cheers,0,Non-Abusive,CLN-018
my supervisor approved my chapter three cheers,0,Non-Abusive,CLN-028
please the counsellor gave a talk about domestic violence awareness please,0,Non-Abusive,HRD-023
am warning you you deserve to die alone you filthy animal so watch yourself,1,Severe Harassment / Defamation / Hate Speech,HAR-006
quick question can you send me the link to the recording talk soon,0,Non-Abusive,CLN-007
by the way the article explains how victims of blackmail can get help cheers,0,Non-Abusive,HRD-021
listen to me nobody will ever love a disgusting pig like you,1,Severe Harassment / Defamation / Hate Speech,HAR-001
please please remind me to bring my student id tomorrow ok,0,Non-Abusive,CLN-011
i swear to god you can run but i will always know where you are idiot,1,Cyberstalking / Intimidation,STK-014
good morning i finished reading chapter two of the textbook talk soon,0,Non-Abusive,CLN-019
i will slit your throat you useless thing you hear me,1,Physical Violence / Life Threat,VIO-004
just checking in you hurt my feelings when you said that in front of everyone cheers,0,Non-Abusive,HRD-006
you better understand i have your new number even after you changed it idiot,1,Cyberstalking / Intimidation,STK-006
am warning you i will destroy you and everyone in your family stupid,1,Physical Violence / Life Threat,VIO-022
i am telling you i have your new number even after you changed it,1,Cyberstalking / Intimidation,STK-006
please the printer in the office is out of toner have a good day,0,Non-Abusive,CLN-026
i am uploading your videos to telegram if you do not answer so watch yourself,1,Blackmail / Non-Consensual Extortion,BLK-014
i am telling you one more word and i will finish you completely you hear me,1,Physical Violence / Life Threat,VIO-014
by the way please send me the lecture notes when you get a chance,0,Non-Abusive,CLN-000
can you send me the link to the recording,0,Non-Abusive,CLN-007
i am telling you you are the ugliest thing i have ever seen in my life,1,Severe Harassment / Defamation / Hate Speech,HAR-005
quick question my supervisor approved my chapter three ok,0,Non-Abusive,CLN-028
for the last time send more pictures or i release the ones i already have,1,Blackmail / Non-Consensual Extortion,BLK-010
let us meet at the department after the quiz please,0,Non-Abusive,CLN-008
idiot i will find you no matter how many times you block me,1,Cyberstalking / Intimidation,STK-007
i am disappointed that you did not tell me the truth please,0,Non-Abusive,HRD-002
you better understand i will break your neck if you report me foolish girl,1,Physical Violence / Life Threat,VIO-020
stupid girl i know where you live and i am watching you and nobody can save you,1,Cyberstalking / Intimidation,STK-000
quick question i need to buy a new laptop charger ok,0,Non-Abusive,CLN-027
stupid girl i will make sure you end up in the grave and i mean it,1,Physical Violence / Life Threat,VIO-013
hi we should start revising for the mid semester exams,0,Non-Abusive,CLN-020
hey you hurt my feelings when you said that in front of everyone,0,Non-Abusive,HRD-006
by the way please report any suspicious person watching the hostel have a good day,0,Non-Abusive,HRD-028
for the last time i followed you home yesterday and you did not even notice so watch yourself,1,Cyberstalking / Intimidation,STK-002
the printer in the office is out of toner cheers,0,Non-Abusive,CLN-026
hello see you at church on sunday god bless,0,Non-Abusive,CLN-025
please the counsellor gave a talk about domestic violence awareness thanks,0,Non-Abusive,HRD-023
nobody will ever love a disgusting pig like you foolish girl,1,Severe Harassment / Defamation / Hate Speech,HAR-001
good morning the security officer warned us about people following students at night talk soon,0,Non-Abusive,HRD-027
the article explains how victims of blackmail can get help ok,0,Non-Abusive,HRD-021
hey i do not like him but i would never wish him harm thanks,0,Non-Abusive,HRD-030
look here i have been watching your hostel window every night so watch yourself,1,Cyberstalking / Intimidation,STK-012
hey you will pay me every month or i keep posting you will see,1,Blackmail / Non-Consensual Extortion,BLK-013
quick question i think we should stop talking to each other for a while thanks,0,Non-Abusive,HRD-003
i will find you no matter how many times you block me foolish girl,1,Cyberstalking / Intimidation,STK-007
you better understand do what i say or i will send this to your fiance so watch yourself,1,Blackmail / Non-Consensual Extortion,BLK-016
for the last time i am coming to your hostel with a knife stupid,1,Physical Violence / Life Threat,VIO-005
i swear to god your new address will not save you from me idiot,1,Cyberstalking / Intimidation,STK-018
i am telling you one more word and i will finish you completely so watch yourself,1,Physical Violence / Life Threat,VIO-014
hey you should just kill yourself and save everyone the trouble stupid,1,Severe Harassment / Defamation / Hate Speech,HAR-003
good morning the printer in the office is out of toner ok,0,Non-Abusive,CLN-026
hey you hurt my feelings when you said that in front of everyone please,0,Non-Abusive,HRD-006
by the way the wifi in the lab is very slow today god bless,0,Non-Abusive,CLN-017
good morning i have submitted my project proposal today talk soon,0,Non-Abusive,CLN-009
please my supervisor approved my chapter three have a good day,0,Non-Abusive,CLN-028
for the last time i am coming to your hostel with a knife so watch yourself,1,Physical Violence / Life Threat,VIO-005
i swear to god i have your new number even after you changed it and i mean it,1,Cyberstalking / Intimidation,STK-006
by the way i do not like him but i would never wish him harm cheers,0,Non-Abusive,HRD-030
listen to me i have been watching your hostel window every night idiot,1,Cyberstalking / Intimidation,STK-012
this is the worst service i have ever received thanks,0,Non-Abusive,HRD-004
am warning you i swear i will beat you until you cannot walk again idiot,1,Physical Violence / Life Threat,VIO-002
please we had a serious argument and i said things i regret cheers,0,Non-Abusive,HRD-013
for the last time i will never leave you alone until you talk to me,1,Cyberstalking / Intimidation,STK-011
just checking in i will pay the hostel fees on monday,0,Non-Abusive,CLN-023
good morning the results will be published next month ok,0,Non-Abusive,CLN-029
idiot you changed your route today but i still saw you and nobody can save you,1,Cyberstalking / Intimidation,STK-010
hello the printer in the office is out of toner god bless,0,Non-Abusive,CLN-026
i swear to god i am tracking everywhere you go and that is final,1,Cyberstalking / Intimidation,STK-009
stupid girl i followed you home yesterday and you did not even notice idiot,1,Cyberstalking / Intimidation,STK-002
look here you are mentally retarded and should not be in university and that is final,1,Severe Harassment / Defamation / Hate Speech,HAR-013
listen to me you are going to die and nobody will find your body idiot,1,Physical Violence / Life Threat,VIO-001
hello i am tired of always being the one who apologises please,0,Non-Abusive,HRD-014
look here i will destroy your marriage with these pictures you will see,1,Blackmail / Non-Consensual Extortion,BLK-021
i am telling you i swear i will beat you until you cannot walk again you will see,1,Physical Violence / Life Threat,VIO-002
i will tell everyone what a cheap girl you are so watch yourself,1,Severe Harassment / Defamation / Hate Speech,HAR-011
idiot i will destroy you and everyone in your family and i mean it,1,Physical Violence / Life Threat,VIO-022
hey i created new accounts because you blocked the old ones and i mean it,1,Cyberstalking / Intimidation,STK-015
the security officer warned us about people following students at night,0,Non-Abusive,HRD-027
the security officer warned us about people following students at night god bless,0,Non-Abusive,HRD-027
the football match starts at eight tonight thanks,0,Non-Abusive,CLN-022
hey one more word and i will finish you completely and i mean it,1,Physical Violence / Life Threat,VIO-014
for the last time meet me tonight or the pictures go public you will see,1,Blackmail / Non-Consensual Extortion,BLK-011
for the last time i know your mother works at the market on fridays idiot,1,Cyberstalking / Intimidation,STK-008
am warning you you can run but i will always know where you are you hear me,1,Cyberstalking / Intimidation,STK-014
by the way the counsellor gave a talk about domestic violence awareness,0,Non-Abusive,HRD-023
quick question my sister is annoying me but i still love her thanks,0,Non-Abusive,HRD-032
good morning my supervisor approved my chapter three ok,0,Non-Abusive,CLN-028
i am telling you i will tag your pastor in the photos if you ignore me you will see,1,Blackmail / Non-Consensual Extortion,BLK-012
am warning you you are a dirty liar and a thief idiot,1,Severe Harassment / Defamation / Hate Speech,HAR-017
hey everyone in the hall thinks you are a joke you will see,1,Severe Harassment / Defamation / Hate Speech,HAR-020
i swear to god i will show up wherever you are until you respond you hear me,1,Cyberstalking / Intimidation,STK-019
nobody respects you because you are a common prostitute you hear me,1,Severe Harassment / Defamation / Hate Speech,HAR-014
stupid girl send more pictures or i release the ones i already have idiot,1,Blackmail / Non-Consensual Extortion,BLK-010
happy birthday i hope you have a wonderful day thanks,0,Non-Abusive,CLN-002
look here you changed your route today but i still saw you you hear me,1,Cyberstalking / Intimidation,STK-010
hey i reported the theft to the police this morning,0,Non-Abusive,HRD-016
hello my landlord is threatening to increase the rent again,0,Non-Abusive,HRD-015
good morning my sister is annoying me but i still love her talk soon,0,Non-Abusive,HRD-032
i think we should stop talking to each other for a while talk soon,0,Non-Abusive,HRD-003
i am telling you nobody will ever love a disgusting pig like you so watch yourself,1,Severe Harassment / Defamation / Hate Speech,HAR-001
quick question let me know when you are free to discuss the report let me know,0,Non-Abusive,CLN-018
hey do what i say or i will send this to your fiance so watch yourself,1,Blackmail / Non-Consensual Extortion,BLK-016
listen to me you are going to die and nobody will find your body so watch yourself,1,Physical Violence / Life Threat,VIO-001
hi we should start revising for the mid semester exams please,0,Non-Abusive,CLN-020
i know which trotro you take every morning foolish girl,1,Cyberstalking / Intimidation,STK-013
by the way the team lost badly and everyone was upset let me know,0,Non-Abusive,HRD-034
hello i am tired of always being the one who apologises,0,Non-Abusive,HRD-014
i am telling you nobody respects you because you are a common prostitute and nobody can save you,1,Severe Harassment / Defamation / Hate Speech,HAR-014
hello i will pay the hostel fees on monday talk soon,0,Non-Abusive,CLN-023
hello the results will be published next month talk soon,0,Non-Abusive,CLN-029
i am really angry about how the meeting went today god bless,0,Non-Abusive,HRD-000
hello happy birthday i hope you have a wonderful day talk soon,0,Non-Abusive,CLN-002
good morning can you send me the link to the recording,0,Non-Abusive,CLN-007
the assignment deadline was moved to next friday let me know,0,Non-Abusive,CLN-003
quick question the counsellor gave a talk about domestic violence awareness ok,0,Non-Abusive,HRD-023
good morning did you understand what the lecturer said about pointers,0,Non-Abusive,CLN-006
look here i am coming to your hostel with a knife and i mean it,1,Physical Violence / Life Threat,VIO-005
i am writing my project on detecting abusive messages online talk soon,0,Non-Abusive,HRD-022
hello i need to buy a new laptop charger thanks,0,Non-Abusive,CLN-027
for the last time i will share your private moments with your classmates so watch yourself,1,Blackmail / Non-Consensual Extortion,BLK-017
you better understand you are mentally retarded and should not be in university idiot,1,Severe Harassment / Defamation / Hate Speech,HAR-013
keep talking and i will bury you myself and nobody can save you,1,Physical Violence / Life Threat,VIO-009
hi the results will be published next month,0,Non-Abusive,CLN-029
by the way i am upset that my laptop was stolen last night,0,Non-Abusive,HRD-011
stupid girl keep talking and i will bury you myself you will see,1,Physical Violence / Life Threat,VIO-009
listen to me i will kill you tonight and i mean it,1,Physical Violence / Life Threat,VIO-000
good morning i will pay the hostel fees on monday thanks,0,Non-Abusive,CLN-023
you are a shameless disgusting creature and nobody can save you,1,Severe Harassment / Defamation / Hate Speech,HAR-021
quick question i am studying criminal law including offences against the person talk soon,0,Non-Abusive,HRD-019
just checking in i failed the quiz and i feel awful about it,0,Non-Abusive,HRD-009
i know which trotro you take every morning so watch yourself,1,Cyberstalking / Intimidation,STK-013
hello i reported the theft to the police this morning,0,Non-Abusive,HRD-016
you are a dead person walking and i mean it,1,Physical Violence / Life Threat,VIO-017
i still have the videos and i will post them online and that is final,1,Blackmail / Non-Consensual Extortion,BLK-002
please stop calling me i need some space god bless,0,Non-Abusive,HRD-010
meet me tonight or the pictures go public and i mean it,1,Blackmail / Non-Consensual Extortion,BLK-011
i finished reading chapter two of the textbook have a good day,0,Non-Abusive,CLN-019
i have been watching your hostel window every night,1,Cyberstalking / Intimidation,STK-012
please confirm whether you received my email please,0,Non-Abusive,CLN-021
hello the news said a man was killed in an accident on the highway,0,Non-Abusive,HRD-018
i swear to god watch your back because i am coming for you stupid,1,Physical Violence / Life Threat,VIO-011
stupid girl i will spread the rumour until nobody talks to you again and nobody can save you,1,Severe Harassment / Defamation / Hate Speech,HAR-016
by the way i do not like him but i would never wish him harm ok,0,Non-Abusive,HRD-030
that was a terrible decision and i disagree completely cheers,0,Non-Abusive,HRD-008
am warning you you are mentally retarded and should not be in university,1,Severe Harassment / Defamation / Hate Speech,HAR-013
am warning you you are a disgrace to your family and your tribe,1,Severe Harassment / Defamation / Hate Speech,HAR-012
hi thank you so much for your help yesterday,0,Non-Abusive,CLN-005
please the security officer warned us about people following students at night talk soon,0,Non-Abusive,HRD-027
quick question i will be a bit late for the group meeting talk soon,0,Non-Abusive,CLN-004
stupid girl your days on this earth are numbered stupid,1,Physical Violence / Life Threat,VIO-023
hi we are debating whether the death penalty should be abolished god bless,0,Non-Abusive,HRD-031
am warning you i will hurt you so badly you will beg me to stop,1,Physical Violence / Life Threat,VIO-015
i will show up wherever you are until you respond so watch yourself,1,Cyberstalking / Intimidation,STK-019
hey i am disappointed that you did not tell me the truth god bless,0,Non-Abusive,HRD-002
good morning good morning hope you slept well talk soon,0,Non-Abusive,CLN-024
look here i will destroy you and everyone in your family and i mean it,1,Physical Violence / Life Threat,VIO-022
please please report any suspicious person watching the hostel cheers,0,Non-Abusive,HRD-028
good morning please send me the lecture notes when you get a chance have a good day,0,Non-Abusive,CLN-000
please the security officer warned us about people following students at night,0,Non-Abusive,HRD-027
i am telling you i will slit your throat you useless thing you will see,1,Physical Violence / Life Threat,VIO-004
i will spread the rumour until nobody talks to you again you hear me,1,Severe Harassment / Defamation / Hate Speech,HAR-016
listen to me prepare your funeral because i am coming,1,Physical Violence / Life Threat,VIO-021
hello the football match starts at eight tonight god bless,0,Non-Abusive,CLN-022
congratulations on passing your defence god bless,0,Non-Abusive,CLN-013
you disgust me you worthless piece of trash you hear me,1,Severe Harassment / Defamation / Hate Speech,HAR-008
hi could you please review my code before i submit,0,Non-Abusive,CLN-016
by the way please confirm whether you received my email,0,Non-Abusive,CLN-021
listen to me i will share your private moments with your classmates,1,Blackmail / Non-Consensual Extortion,BLK-017
you cannot hide from me anywhere in this country you will see,1,Cyberstalking / Intimidation,STK-003
listen to me i will make sure you end up in the grave,1,Physical Violence / Life Threat,VIO-013
look here you are the ugliest thing i have ever seen in my life idiot,1,Severe Harassment / Defamation / Hate Speech,HAR-005
just checking in thank you so much for your help yesterday,0,Non-Abusive,CLN-005
hey our lecturer discussed cyberbullying and harassment in class today please,0,Non-Abusive,HRD-020
you better understand send more pictures or i release the ones i already have idiot,1,Blackmail / Non-Consensual Extortion,BLK-010
i have screenshots of everything and i will use them against you you hear me,1,Blackmail / Non-Consensual Extortion,BLK-019
hey please remind me to bring my student id tomorrow talk soon,0,Non-Abusive,CLN-011
stupid girl you disgust me you worthless piece of trash,1,Severe Harassment / Defamation / Hate Speech,HAR-008
quick question i am tired of always being the one who apologises,0,Non-Abusive,HRD-014
i will smash your face until your own mother cannot recognise you foolish girl,1,Physical Violence / Life Threat,VIO-010
quick question the seminar covered how to preserve digital evidence of threats,0,Non-Abusive,HRD-029
look here give me what i want or your whole church will see these images idiot,1,Blackmail / Non-Consensual Extortion,BLK-004
hi i am upset that my laptop was stolen last night let me know,0,Non-Abusive,HRD-011
could you please review my code before i submit thanks,0,Non-Abusive,CLN-016
stupid girl i will spread the rumour until nobody talks to you again and that is final,1,Severe Harassment / Defamation / Hate Speech,HAR-016
by the way congratulations on passing your defence,0,Non-Abusive,CLN-013
i swear to god i still have the videos and i will post them online and that is final,1,Blackmail / Non-Consensual Extortion,BLK-002
quick question i am upset that my laptop was stolen last night,0,Non-Abusive,HRD-011
hey i am writing my project on detecting abusive messages online talk soon,0,Non-Abusive,HRD-022
i swear to god i will slit your throat you useless thing you hear me,1,Physical Violence / Life Threat,VIO-004
look here you are mentally retarded and should not be in university idiot,1,Severe Harassment / Defamation / Hate Speech,HAR-013
stupid girl you are a dirty liar and a thief stupid,1,Severe Harassment / Defamation / Hate Speech,HAR-017
i do not want to be in this relationship anymore god bless,0,Non-Abusive,HRD-005
hey the football match starts at eight tonight thanks,0,Non-Abusive,CLN-022
congratulations on passing your defence let me know,0,Non-Abusive,CLN-013
look here deny me again and your whole family sees the video stupid,1,Blackmail / Non-Consensual Extortion,BLK-020
for the last time deny me again and your whole family sees the video idiot,1,Blackmail / Non-Consensual Extortion,BLK-020
see you at church on sunday,0,Non-Abusive,CLN-025
keep talking and i will bury you myself idiot,1,Physical Violence / Life Threat,VIO-009
you better understand i will stab you in front of everyone foolish girl,1,Physical Violence / Life Threat,VIO-024
congratulations on passing your defence ok,0,Non-Abusive,CLN-013
am warning you i will share your private moments with your classmates so watch yourself,1,Blackmail / Non-Consensual Extortion,BLK-017
i am frustrated because my code keeps crashing thanks,0,Non-Abusive,HRD-007
please i am writing my project on detecting abusive messages online thanks,0,Non-Abusive,HRD-022
i swear to god you are a dead person walking foolish girl,1,Physical Violence / Life Threat,VIO-017
quick question i do not want to be in this relationship anymore,0,Non-Abusive,HRD-005
i am telling you meet me tonight or the pictures go public foolish girl,1,Blackmail / Non-Consensual Extortion,BLK-011
quick question can you send me the link to the recording god bless,0,Non-Abusive,CLN-007
watch your back because i am coming for you you will see,1,Physical Violence / Life Threat,VIO-011
i am telling you i am tracking everywhere you go and i mean it,1,Cyberstalking / Intimidation,STK-009
good morning i do not like him but i would never wish him harm let me know,0,Non-Abusive,HRD-030
i saved everything and i will share it with your employer so watch yourself,1,Blackmail / Non-Consensual Extortion,BLK-007
i will be a bit late for the group meeting have a good day,0,Non-Abusive,CLN-004
hey i will make sure you end up in the grave so watch yourself,1,Physical Violence / Life Threat,VIO-013
i am really angry about how the meeting went today please,0,Non-Abusive,HRD-000
idiot you are a stupid idiot who cannot do anything right and nobody can save you,1,Severe Harassment / Defamation / Hate Speech,HAR-010
i swear to god i will destroy your marriage with these pictures,1,Blackmail / Non-Consensual Extortion,BLK-021
the wifi in the lab is very slow today please,0,Non-Abusive,CLN-017
did you understand what the lecturer said about pointers let me know,0,Non-Abusive,CLN-006
hey the horror movie had a scene where someone gets stabbed talk soon,0,Non-Abusive,HRD-024
let us meet at the department after the quiz,0,Non-Abusive,CLN-008
you better understand you are a disgrace to your family and your tribe idiot,1,Severe Harassment / Defamation / Hate Speech,HAR-012
your days on this earth are numbered stupid,1,Physical Violence / Life Threat,VIO-023
i am telling you send more pictures or i release the ones i already have you will see,1,Blackmail / Non-Consensual Extortion,BLK-010
idiot you are a shameless disgusting creature idiot,1,Severe Harassment / Defamation / Hate Speech,HAR-021
just checking in please stop calling me i need some space have a good day,0,Non-Abusive,HRD-010
you better understand your new address will not save you from me and i mean it,1,Cyberstalking / Intimidation,STK-018
the exam timetable has been released on the portal let me know,0,Non-Abusive,CLN-010
listen to me i will break your neck if you report me so watch yourself,1,Physical Violence / Life Threat,VIO-020
do what i say or i will send this to your fiance and i mean it,1,Blackmail / Non-Consensual Extortion,BLK-016
by the way thank you so much for your help yesterday,0,Non-Abusive,CLN-005
hi the exam timetable has been released on the portal god bless,0,Non-Abusive,CLN-010
for the last time when i catch you i will break your legs stupid,1,Physical Violence / Life Threat,VIO-003
you are a shameless slut who sleeps with everyone and that is final,1,Severe Harassment / Defamation / Hate Speech,HAR-004
hello i think we should stop talking to each other for a while thanks,0,Non-Abusive,HRD-003
hey let us meet at the department after the quiz god bless,0,Non-Abusive,CLN-008
good morning i finished reading chapter two of the textbook have a good day,0,Non-Abusive,CLN-019
quick question please send me the lecture notes when you get a chance have a good day,0,Non-Abusive,CLN-000
please the results will be published next month ok,0,Non-Abusive,CLN-029
hello he shouted at the referee during the match let me know,0,Non-Abusive,HRD-026
good morning the results will be published next month let me know,0,Non-Abusive,CLN-029
quick question i will be a bit late for the group meeting god bless,0,Non-Abusive,CLN-004
the seminar covered how to preserve digital evidence of threats thanks,0,Non-Abusive,HRD-029
hey you will not see the end of this week alive and nobody can save you,1,Physical Violence / Life Threat,VIO-006
my landlord is threatening to increase the rent again thanks,0,Non-Abusive,HRD-015
you better understand you are stupid and everyone in class laughs at you and nobody can save you,1,Severe Harassment / Defamation / Hate Speech,HAR-002
hey when i catch you i will break your legs,1,Physical Violence / Life Threat,VIO-003
hello this is the worst service i have ever received let me know,0,Non-Abusive,HRD-004
hello the boss criticised my presentation quite harshly ok,0,Non-Abusive,HRD-033
please please stop calling me i need some space,0,Non-Abusive,HRD-010
listen to me i will destroy you and everyone in your family,1,Physical Violence / Life Threat,VIO-022
idiot i have your new number even after you changed it idiot,1,Cyberstalking / Intimidation,STK-006
good morning please confirm whether you received my email,0,Non-Abusive,CLN-021
listen to me prepare your funeral because i am coming foolish girl,1,Physical Violence / Life Threat,VIO-021
quick question the wifi in the lab is very slow today,0,Non-Abusive,CLN-017
you better understand i will deal with you until you learn your lesson permanently stupid,1,Physical Violence / Life Threat,VIO-019
please stop calling me i need some space,0,Non-Abusive,HRD-010
good morning please stop calling me i need some space,0,Non-Abusive,HRD-010
hi i finished reading chapter two of the textbook,0,Non-Abusive,CLN-019
hello let us meet at the department after the quiz let me know,0,Non-Abusive,CLN-008
hello the results will be published next month thanks,0,Non-Abusive,CLN-029
i am tired of always being the one who apologises cheers,0,Non-Abusive,HRD-014
just checking in i reported the theft to the police this morning ok,0,Non-Abusive,HRD-016
please the counsellor gave a talk about domestic violence awareness,0,Non-Abusive,HRD-023
am warning you if you block me i will send your photos to your father stupid,1,Blackmail / Non-Consensual Extortion,BLK-003
you are a dirty liar and a thief you will see,1,Severe Harassment / Defamation / Hate Speech,HAR-017
good morning i need to buy a new laptop charger talk soon,0,Non-Abusive,CLN-027
stupid girl i will never leave you alone until you talk to me you will see,1,Cyberstalking / Intimidation,STK-011
i will destroy you and everyone in your family,1,Physical Violence / Life Threat,VIO-022
by the way i am studying criminal law including offences against the person talk soon,0,Non-Abusive,HRD-019
listen to me i will hurt you so badly you will beg me to stop idiot,1,Physical Violence / Life Threat,VIO-015
stupid girl everyone in the hall thinks you are a joke so watch yourself,1,Severe Harassment / Defamation / Hate Speech,HAR-020
transfer the money now or i publish everything tonight and that is final,1,Blackmail / Non-Consensual Extortion,BLK-018
hello we are debating whether the death penalty should be abolished ok,0,Non-Abusive,HRD-031
idiot i will destroy your marriage with these pictures you will see,1,Blackmail / Non-Consensual Extortion,BLK-021
i swear to god you are a shameless slut who sleeps with everyone,1,Severe Harassment / Defamation / Hate Speech,HAR-004
by the way we should start revising for the mid semester exams have a good day,0,Non-Abusive,CLN-020
for the last time i will tell everyone what a cheap girl you are stupid,1,Severe Harassment / Defamation / Hate Speech,HAR-011
stupid girl i will hurt you so badly you will beg me to stop stupid,1,Physical Violence / Life Threat,VIO-015
just checking in happy birthday i hope you have a wonderful day cheers,0,Non-Abusive,CLN-002
the assignment deadline was moved to next friday,0,Non-Abusive,CLN-003
stupid girl you changed your route today but i still saw you idiot,1,Cyberstalking / Intimidation,STK-010
listen to me if you block me i will send your photos to your father,1,Blackmail / Non-Consensual Extortion,BLK-003
my supervisor approved my chapter three,0,Non-Abusive,CLN-028
i swear to god i will kill you tonight foolish girl,1,Physical Violence / Life Threat,VIO-000
idiot go and die somewhere nobody wants you here and nobody can save you,1,Severe Harassment / Defamation / Hate Speech,HAR-009
hi he shouted at the referee during the match have a good day,0,Non-Abusive,HRD-026
good morning our lecturer discussed cyberbullying and harassment in class today,0,Non-Abusive,HRD-020
hello the assignment deadline was moved to next friday let me know,0,Non-Abusive,CLN-003
stupid girl i will find you no matter how many times you block me stupid,1,Cyberstalking / Intimidation,STK-007
am warning you when i catch you i will break your legs so watch yourself,1,Physical Violence / Life Threat,VIO-003
the film was violent and disturbing and i did not enjoy it have a good day,0,Non-Abusive,HRD-012
stupid girl i know which trotro you take every morning so watch yourself,1,Cyberstalking / Intimidation,STK-013
i swear to god go and die somewhere nobody wants you here and that is final,1,Severe Harassment / Defamation / Hate Speech,HAR-009
hello the seminar covered how to preserve digital evidence of threats have a good day,0,Non-Abusive,HRD-029
for the last time i will post your private chats on facebook for everyone to read and i mean it,1,Blackmail / Non-Consensual Extortion,BLK-009
i will make sure you end up in the grave,1,Physical Violence / Life Threat,VIO-013
just checking in i reported the theft to the police this morning,0,Non-Abusive,HRD-016
i will destroy your marriage with these pictures idiot,1,Blackmail / Non-Consensual Extortion,BLK-021
hey i am studying criminal law including offences against the person,0,Non-Abusive,HRD-019
i will be a bit late for the group meeting please,0,Non-Abusive,CLN-004
please i really enjoyed the seminar this morning,0,Non-Abusive,CLN-012
good morning we should start revising for the mid semester exams have a good day,0,Non-Abusive,CLN-020
i will never leave you alone until you talk to me,1,Cyberstalking / Intimidation,STK-011
i will deal with you until you learn your lesson permanently stupid,1,Physical Violence / Life Threat,VIO-019
the news said a man was killed in an accident on the highway,0,Non-Abusive,HRD-018
stupid girl i will post your private chats on facebook for everyone to read you hear me,1,Blackmail / Non-Consensual Extortion,BLK-009
i am telling you watch your back because i am coming for you and that is final,1,Physical Violence / Life Threat,VIO-011
quick question please confirm whether you received my email ok,0,Non-Abusive,CLN-021
hey i will slit your throat you useless thing,1,Physical Violence / Life Threat,VIO-004
you better understand when i catch you i will break your legs,1,Physical Violence / Life Threat,VIO-003
look here i still have the videos and i will post them online,1,Blackmail / Non-Consensual Extortion,BLK-002
i swear to god i will tell everyone what a cheap girl you are,1,Severe Harassment / Defamation / Hate Speech,HAR-011
our lecturer discussed cyberbullying and harassment in class today god bless,0,Non-Abusive,HRD-020
am warning you shut up you brainless fool nobody asked you stupid,1,Severe Harassment / Defamation / Hate Speech,HAR-018
please the results will be published next month cheers,0,Non-Abusive,CLN-029
our lecturer discussed cyberbullying and harassment in class today talk soon,0,Non-Abusive,HRD-020
please the film was violent and disturbing and i did not enjoy it,0,Non-Abusive,HRD-012
just checking in are we still meeting at the library at four god bless,0,Non-Abusive,CLN-001
listen to me you are worthless and your existence is a mistake you will see,1,Severe Harassment / Defamation / Hate Speech,HAR-019
hello i do not like him but i would never wish him harm have a good day,0,Non-Abusive,HRD-030
by the way i failed the quiz and i feel awful about it cheers,0,Non-Abusive,HRD-009
i am telling you i will hurt you so badly you will beg me to stop you will see,1,Physical Violence / Life Threat,VIO-015
for the last time when i catch you i will break your legs idiot,1,Physical Violence / Life Threat,VIO-003
am warning you you disgust me you worthless piece of trash,1,Severe Harassment / Defamation / Hate Speech,HAR-008
i am telling you watch your back because i am coming for you and nobody can save you,1,Physical Violence / Life Threat,VIO-011
i swear to god you deserve to die alone you filthy animal and that is final,1,Severe Harassment / Defamation / Hate Speech,HAR-006
listen to me you will pay me every month or i keep posting you hear me,1,Blackmail / Non-Consensual Extortion,BLK-013
look here i will post your private chats on facebook for everyone to read so watch yourself,1,Blackmail / Non-Consensual Extortion,BLK-009
the horror movie had a scene where someone gets stabbed,0,Non-Abusive,HRD-024
i swear to god everyone in the hall thinks you are a joke you hear me,1,Severe Harassment / Defamation / Hate Speech,HAR-020
quick question did you understand what the lecturer said about pointers thanks,0,Non-Abusive,CLN-006
look here i will burn your house down with you inside so watch yourself,1,Physical Violence / Life Threat,VIO-007
by the way we should start revising for the mid semester exams thanks,0,Non-Abusive,CLN-020
your family will receive these videos if you do not reply and i mean it,1,Blackmail / Non-Consensual Extortion,BLK-008
idiot i will stab you in front of everyone,1,Physical Violence / Life Threat,VIO-024
by the way i do not want to be in this relationship anymore cheers,0,Non-Abusive,HRD-005
i swear to god everyone knows you are a liar and a fraud so watch yourself,1,Severe Harassment / Defamation / Hate Speech,HAR-007
look here you are stupid and everyone in class laughs at you you will see,1,Severe Harassment / Defamation / Hate Speech,HAR-002
i swear to god i will destroy you and everyone in your family and nobody can save you,1,Physical Violence / Life Threat,VIO-022
i will never leave you alone until you talk to me idiot,1,Cyberstalking / Intimidation,STK-011
hi please confirm whether you received my email please,0,Non-Abusive,CLN-021
hi i need to buy a new laptop charger,0,Non-Abusive,CLN-027
please please confirm whether you received my email ok,0,Non-Abusive,CLN-021
look here i know which trotro you take every morning and that is final,1,Cyberstalking / Intimidation,STK-013
i am telling you i will share your private moments with your classmates foolish girl,1,Blackmail / Non-Consensual Extortion,BLK-017
please i am studying criminal law including offences against the person thanks,0,Non-Abusive,HRD-019
by the way we should start revising for the mid semester exams ok,0,Non-Abusive,CLN-020
by the way i will pay the hostel fees on monday talk soon,0,Non-Abusive,CLN-023
for the last time send me money or i will leak your nudes,1,Blackmail / Non-Consensual Extortion,BLK-000
quick question see you at church on sunday please,0,Non-Abusive,CLN-025
hi please remind me to bring my student id tomorrow thanks,0,Non-Abusive,CLN-011
please my sister is annoying me but i still love her,0,Non-Abusive,HRD-032
i will break your neck if you report me idiot,1,Physical Violence / Life Threat,VIO-020
i need to buy a new laptop charger ok,0,Non-Abusive,CLN-027
happy birthday i hope you have a wonderful day,0,Non-Abusive,CLN-002
hello see you at church on sunday have a good day,0,Non-Abusive,CLN-025
am warning you your days on this earth are numbered so watch yourself,1,Physical Violence / Life Threat,VIO-023
just checking in the seminar covered how to preserve digital evidence of threats please,0,Non-Abusive,HRD-029
listen to me i am uploading your videos to telegram if you do not answer stupid,1,Blackmail / Non-Consensual Extortion,BLK-014
by the way i think we should stop talking to each other for a while god bless,0,Non-Abusive,HRD-003
for the last time your family will receive these videos if you do not reply idiot,1,Blackmail / Non-Consensual Extortion,BLK-008
i am frustrated because my code keeps crashing have a good day,0,Non-Abusive,HRD-007
please my supervisor approved my chapter three god bless,0,Non-Abusive,CLN-028
hi he shouted at the referee during the match talk soon,0,Non-Abusive,HRD-026
hey thank you so much for your help yesterday god bless,0,Non-Abusive,CLN-005
quick question our lecturer discussed cyberbullying and harassment in class today cheers,0,Non-Abusive,HRD-020
by the way good morning hope you slept well cheers,0,Non-Abusive,CLN-024
i do not like him but i would never wish him harm,0,Non-Abusive,HRD-030
hello can you send me the link to the recording talk soon,0,Non-Abusive,CLN-007
by the way the printer in the office is out of toner,0,Non-Abusive,CLN-026
listen to me everyone in the hall thinks you are a joke idiot,1,Severe Harassment / Defamation / Hate Speech,HAR-020
the film was violent and disturbing and i did not enjoy it talk soon,0,Non-Abusive,HRD-012
just checking in the assignment deadline was moved to next friday cheers,0,Non-Abusive,CLN-003
quick question the film was violent and disturbing and i did not enjoy it,0,Non-Abusive,HRD-012
idiot you are mentally retarded and should not be in university foolish girl,1,Severe Harassment / Defamation / Hate Speech,HAR-013
for the last time you will not see the end of this week alive idiot,1,Physical Violence / Life Threat,VIO-006
listen to me you are the ugliest thing i have ever seen in my life,1,Severe Harassment / Defamation / Hate Speech,HAR-005
you better understand deny me again and your whole family sees the video idiot,1,Blackmail / Non-Consensual Extortion,BLK-020
listen to me i will strangle you with my bare hands you hear me,1,Physical Violence / Life Threat,VIO-016
your scholarship will be gone when they see what i have stupid,1,Blackmail / Non-Consensual Extortion,BLK-015
hello are we still meeting at the library at four god bless,0,Non-Abusive,CLN-001
the seminar covered how to preserve digital evidence of threats god bless,0,Non-Abusive,HRD-029
stupid girl you are a useless worthless whore idiot,1,Severe Harassment / Defamation / Hate Speech,HAR-000
hey i have submitted my project proposal today let me know,0,Non-Abusive,CLN-009
please we had a serious argument and i said things i regret have a good day,0,Non-Abusive,HRD-013
good morning i think we should stop talking to each other for a while thanks,0,Non-Abusive,HRD-003
listen to me you should just kill yourself and save everyone the trouble so watch yourself,1,Severe Harassment / Defamation / Hate Speech,HAR-003
congratulations on passing your defence,0,Non-Abusive,CLN-013
good morning we had a serious argument and i said things i regret please,0,Non-Abusive,HRD-013
by the way let us meet at the department after the quiz thanks,0,Non-Abusive,CLN-008
i created new accounts because you blocked the old ones,1,Cyberstalking / Intimidation,STK-015
your new address will not save you from me,1,Cyberstalking / Intimidation,STK-018
you changed your route today but i still saw you you will see,1,Cyberstalking / Intimidation,STK-010
please my landlord is threatening to increase the rent again thanks,0,Non-Abusive,HRD-015
hello the assignment deadline was moved to next friday have a good day,0,Non-Abusive,CLN-003
by the way i deleted the game because it was too aggressive,0,Non-Abusive,HRD-025
by the way she was crying because she failed her exam,0,Non-Abusive,HRD-017
hello can you send me the link to the recording,0,Non-Abusive,CLN-007
you better understand i know your mother works at the market on fridays,1,Cyberstalking / Intimidation,STK-008
for the last time your new address will not save you from me,1,Cyberstalking / Intimidation,STK-018
stupid girl transfer the money now or i publish everything tonight and nobody can save you,1,Blackmail / Non-Consensual Extortion,BLK-018
you better understand i still have the videos and i will post them online and i mean it,1,Blackmail / Non-Consensual Extortion,BLK-002
good morning happy birthday i hope you have a wonderful day please,0,Non-Abusive,CLN-002
by the way i think we should stop talking to each other for a while thanks,0,Non-Abusive,HRD-003
by the way i do not want to be in this relationship anymore ok,0,Non-Abusive,HRD-005
look here your days on this earth are numbered and nobody can save you,1,Physical Violence / Life Threat,VIO-023
listen to me i will strangle you with my bare hands,1,Physical Violence / Life Threat,VIO-016
you better understand i saw you at the junction today wearing the blue dress and nobody can save you,1,Cyberstalking / Intimidation,STK-001
please are we still meeting at the library at four let me know,0,Non-Abusive,CLN-001
i will pay the hostel fees on monday let me know,0,Non-Abusive,CLN-023
by the way i failed the quiz and i feel awful about it talk soon,0,Non-Abusive,HRD-009
i will deal with you until you learn your lesson permanently foolish girl,1,Physical Violence / Life Threat,VIO-019
i swear to god i will make sure you end up in the grave,1,Physical Violence / Life Threat,VIO-013
the news said a man was killed in an accident on the highway god bless,0,Non-Abusive,HRD-018
i am telling you i know which trotro you take every morning and nobody can save you,1,Cyberstalking / Intimidation,STK-013
just checking in the security officer warned us about people following students at night have a good day,0,Non-Abusive,HRD-027
let me know when you are free to discuss the report let me know,0,Non-Abusive,CLN-018
hello we should start revising for the mid semester exams have a good day,0,Non-Abusive,CLN-020
please did you understand what the lecturer said about pointers please,0,Non-Abusive,CLN-006
hi please stop calling me i need some space cheers,0,Non-Abusive,HRD-010
stupid girl you are a shameless disgusting creature foolish girl,1,Severe Harassment / Defamation / Hate Speech,HAR-021
by the way i will be a bit late for the group meeting,0,Non-Abusive,CLN-004
i will hurt you so badly you will beg me to stop,1,Physical Violence / Life Threat,VIO-015
hi i think we should stop talking to each other for a while ok,0,Non-Abusive,HRD-003
hi the horror movie had a scene where someone gets stabbed,0,Non-Abusive,HRD-024
quick question i am frustrated because my code keeps crashing talk soon,0,Non-Abusive,HRD-007
stupid girl you are a disgrace to your family and your tribe and that is final,1,Severe Harassment / Defamation / Hate Speech,HAR-012
hey i will break your neck if you report me,1,Physical Violence / Life Threat,VIO-020
please i failed the quiz and i feel awful about it let me know,0,Non-Abusive,HRD-009
just checking in the news said a man was killed in an accident on the highway please,0,Non-Abusive,HRD-018
listen to me you can run but i will always know where you are and that is final,1,Cyberstalking / Intimidation,STK-014
idiot send me money or i will leak your nudes foolish girl,1,Blackmail / Non-Consensual Extortion,BLK-000
stupid girl send more pictures or i release the ones i already have and i mean it,1,Blackmail / Non-Consensual Extortion,BLK-010
stupid girl i will spread the rumour until nobody talks to you again,1,Severe Harassment / Defamation / Hate Speech,HAR-016
hi the film was violent and disturbing and i did not enjoy it god bless,0,Non-Abusive,HRD-012
just checking in our lecturer discussed cyberbullying and harassment in class today please,0,Non-Abusive,HRD-020
by the way the article explains how victims of blackmail can get help talk soon,0,Non-Abusive,HRD-021
hey you are a shameless disgusting creature,1,Severe Harassment / Defamation / Hate Speech,HAR-021
i do not want to be in this relationship anymore let me know,0,Non-Abusive,HRD-005
you better understand i created new accounts because you blocked the old ones,1,Cyberstalking / Intimidation,STK-015
you better understand nobody respects you because you are a common prostitute and that is final,1,Severe Harassment / Defamation / Hate Speech,HAR-014
please the football match starts at eight tonight,0,Non-Abusive,CLN-022
i am telling you you disgust me you worthless piece of trash,1,Severe Harassment / Defamation / Hate Speech,HAR-008
i swear to god one more word and i will finish you completely and that is final,1,Physical Violence / Life Threat,VIO-014
good morning please report any suspicious person watching the hostel,0,Non-Abusive,HRD-028
hey i am really angry about how the meeting went today,0,Non-Abusive,HRD-000
by the way please report any suspicious person watching the hostel talk soon,0,Non-Abusive,HRD-028
just checking in please remind me to bring my student id tomorrow god bless,0,Non-Abusive,CLN-011
hey thank you so much for your help yesterday let me know,0,Non-Abusive,CLN-005
just checking in i hate this course it is so difficult and stressful cheers,0,Non-Abusive,HRD-001
i am really angry about how the meeting went today have a good day,0,Non-Abusive,HRD-000
i am telling you you are a stupid idiot who cannot do anything right stupid,1,Severe Harassment / Defamation / Hate Speech,HAR-010
you are a dirty liar and a thief,1,Severe Harassment / Defamation / Hate Speech,HAR-017
good morning could you please review my code before i submit talk soon,0,Non-Abusive,CLN-016
our lecturer discussed cyberbullying and harassment in class today,0,Non-Abusive,HRD-020
stupid girl i am uploading your videos to telegram if you do not answer you hear me,1,Blackmail / Non-Consensual Extortion,BLK-014
for the last time if you block me i will send your photos to your father you hear me,1,Blackmail / Non-Consensual Extortion,BLK-003
i will stab you in front of everyone you hear me,1,Physical Violence / Life Threat,VIO-024
just checking in that was a terrible decision and i disagree completely cheers,0,Non-Abusive,HRD-008
please we are debating whether the death penalty should be abolished please,0,Non-Abusive,HRD-031
idiot i will never leave you alone until you talk to me,1,Cyberstalking / Intimidation,STK-011
we are debating whether the death penalty should be abolished god bless,0,Non-Abusive,HRD-031
can you send me the link to the recording have a good day,0,Non-Abusive,CLN-007
you better understand i will spread the rumour until nobody talks to you again,1,Severe Harassment / Defamation / Hate Speech,HAR-016
quick question the team lost badly and everyone was upset,0,Non-Abusive,HRD-034
am warning you give me what i want or your whole church will see these images and that is final,1,Blackmail / Non-Consensual Extortion,BLK-004
just checking in did you understand what the lecturer said about pointers have a good day,0,Non-Abusive,CLN-006
i swear to god i will tell everyone what a cheap girl you are and i mean it,1,Severe Harassment / Defamation / Hate Speech,HAR-011
i swear to god i know your lecture timetable and where you sit you will see,1,Cyberstalking / Intimidation,STK-005
could you please review my code before i submit let me know,0,Non-Abusive,CLN-016
listen to me i created new accounts because you blocked the old ones and i mean it,1,Cyberstalking / Intimidation,STK-015
i swear to god i swear i will beat you until you cannot walk again foolish girl,1,Physical Violence / Life Threat,VIO-002
idiot i will tag your pastor in the photos if you ignore me stupid,1,Blackmail / Non-Consensual Extortion,BLK-012
stupid girl nobody respects you because you are a common prostitute foolish girl,1,Severe Harassment / Defamation / Hate Speech,HAR-014
i swear to god send more pictures or i release the ones i already have foolish girl,1,Blackmail / Non-Consensual Extortion,BLK-010
hi good morning hope you slept well thanks,0,Non-Abusive,CLN-024
i am outside your gate right now idiot,1,Cyberstalking / Intimidation,STK-004
i swear to god watch your back because i am coming for you and that is final,1,Physical Violence / Life Threat,VIO-011
please the film was violent and disturbing and i did not enjoy it please,0,Non-Abusive,HRD-012
hello please report any suspicious person watching the hostel have a good day,0,Non-Abusive,HRD-028
just checking in that was a terrible decision and i disagree completely thanks,0,Non-Abusive,HRD-008
listen to me you are a dead person walking so watch yourself,1,Physical Violence / Life Threat,VIO-017
hi our lecturer discussed cyberbullying and harassment in class today please,0,Non-Abusive,HRD-020
hey i am writing my project on detecting abusive messages online cheers,0,Non-Abusive,HRD-022
you better understand you are a dead person walking and nobody can save you,1,Physical Violence / Life Threat,VIO-017
this is the worst service i have ever received,0,Non-Abusive,HRD-004
good morning please remind me to bring my student id tomorrow,0,Non-Abusive,CLN-011
i am upset that my laptop was stolen last night cheers,0,Non-Abusive,HRD-011
just checking in i think we should stop talking to each other for a while ok,0,Non-Abusive,HRD-003
i am telling you you are trash and you will always be trash foolish girl,1,Severe Harassment / Defamation / Hate Speech,HAR-015
please the team lost badly and everyone was upset cheers,0,Non-Abusive,HRD-034
idiot you are a shameless slut who sleeps with everyone,1,Severe Harassment / Defamation / Hate Speech,HAR-004
i am frustrated because my code keeps crashing please,0,Non-Abusive,HRD-007
idiot one more word and i will finish you completely and nobody can save you,1,Physical Violence / Life Threat,VIO-014
just checking in please stop calling me i need some space please,0,Non-Abusive,HRD-010
stupid girl go and die somewhere nobody wants you here foolish girl,1,Severe Harassment / Defamation / Hate Speech,HAR-009
hey i reported the theft to the police this morning let me know,0,Non-Abusive,HRD-016
good morning please send me the lecture notes when you get a chance,0,Non-Abusive,CLN-000
look here you disgust me you worthless piece of trash and that is final,1,Severe Harassment / Defamation / Hate Speech,HAR-008
by the way the film was violent and disturbing and i did not enjoy it,0,Non-Abusive,HRD-012
congratulations on passing your defence please,0,Non-Abusive,CLN-013
you are stupid and everyone in class laughs at you and nobody can save you,1,Severe Harassment / Defamation / Hate Speech,HAR-002
transfer the money now or i publish everything tonight you will see,1,Blackmail / Non-Consensual Extortion,BLK-018
stupid girl i am counting the hours until i see you in person foolish girl,1,Cyberstalking / Intimidation,STK-016
idiot you deserve to die alone you filthy animal you will see,1,Severe Harassment / Defamation / Hate Speech,HAR-006
good morning i will be a bit late for the group meeting have a good day,0,Non-Abusive,CLN-004
just checking in please send me the lecture notes when you get a chance let me know,0,Non-Abusive,CLN-000
stupid girl i know which trotro you take every morning idiot,1,Cyberstalking / Intimidation,STK-013
for the last time prepare your funeral because i am coming you hear me,1,Physical Violence / Life Threat,VIO-021
for the last time i created new accounts because you blocked the old ones,1,Cyberstalking / Intimidation,STK-015
listen to me i will slit your throat you useless thing you hear me,1,Physical Violence / Life Threat,VIO-004
hello let us meet at the department after the quiz,0,Non-Abusive,CLN-008
hey she was crying because she failed her exam,0,Non-Abusive,HRD-017
just checking in please report any suspicious person watching the hostel thanks,0,Non-Abusive,HRD-028
i swear to god you are a shameless disgusting creature and i mean it,1,Severe Harassment / Defamation / Hate Speech,HAR-021
i swear to god you disgust me you worthless piece of trash foolish girl,1,Severe Harassment / Defamation / Hate Speech,HAR-008
you are a disgrace to your family and your tribe and nobody can save you,1,Severe Harassment / Defamation / Hate Speech,HAR-012
we should start revising for the mid semester exams please,0,Non-Abusive,CLN-020
shut up you brainless fool nobody asked you and i mean it,1,Severe Harassment / Defamation / Hate Speech,HAR-018
hello happy birthday i hope you have a wonderful day thanks,0,Non-Abusive,CLN-002
for the last time i have your new number even after you changed it foolish girl,1,Cyberstalking / Intimidation,STK-006
hi let us meet at the department after the quiz thanks,0,Non-Abusive,CLN-008
quick question that was a terrible decision and i disagree completely,0,Non-Abusive,HRD-008
hey the team lost badly and everyone was upset,0,Non-Abusive,HRD-034
for the last time your family will receive these videos if you do not reply so watch yourself,1,Blackmail / Non-Consensual Extortion,BLK-008
i am outside your gate right now and that is final,1,Cyberstalking / Intimidation,STK-004
am warning you i will expose your private pictures to the whole campus stupid,1,Blackmail / Non-Consensual Extortion,BLK-005
just checking in could you please review my code before i submit have a good day,0,Non-Abusive,CLN-016
quick question let us meet at the department after the quiz cheers,0,Non-Abusive,CLN-008
just checking in see you at church on sunday talk soon,0,Non-Abusive,CLN-025
hi let us meet at the department after the quiz god bless,0,Non-Abusive,CLN-008
by the way my supervisor approved my chapter three have a good day,0,Non-Abusive,CLN-028
stupid girl i will strangle you with my bare hands idiot,1,Physical Violence / Life Threat,VIO-016
hey you deserve to die alone you filthy animal stupid,1,Severe Harassment / Defamation / Hate Speech,HAR-006
hey you deserve to die alone you filthy animal foolish girl,1,Severe Harassment / Defamation / Hate Speech,HAR-006
i swear to god go and die somewhere nobody wants you here you will see,1,Severe Harassment / Defamation / Hate Speech,HAR-009
i saved everything and i will share it with your employer,1,Blackmail / Non-Consensual Extortion,BLK-007
i swear to god i will tag your pastor in the photos if you ignore me foolish girl,1,Blackmail / Non-Consensual Extortion,BLK-012
just checking in the article explains how victims of blackmail can get help,0,Non-Abusive,HRD-021
watch your back because i am coming for you,1,Physical Violence / Life Threat,VIO-011
listen to me i still have the videos and i will post them online,1,Blackmail / Non-Consensual Extortion,BLK-002
i am telling you you should just kill yourself and save everyone the trouble,1,Severe Harassment / Defamation / Hate Speech,HAR-003
good morning the bus to campus leaves at seven thirty,0,Non-Abusive,CLN-014
quick question this is the worst service i have ever received,0,Non-Abusive,HRD-004
i swear to god i am outside your gate right now stupid,1,Cyberstalking / Intimidation,STK-004
hello could you please review my code before i submit god bless,0,Non-Abusive,CLN-016
i am telling you i will post your private chats on facebook for everyone to read foolish girl,1,Blackmail / Non-Consensual Extortion,BLK-009
idiot i saw you at the junction today wearing the blue dress,1,Cyberstalking / Intimidation,STK-001
just checking in i really enjoyed the seminar this morning please,0,Non-Abusive,CLN-012
by the way the boss criticised my presentation quite harshly,0,Non-Abusive,HRD-033
good morning i will pay the hostel fees on monday please,0,Non-Abusive,CLN-023
hey the results will be published next month cheers,0,Non-Abusive,CLN-029
good morning we had a serious argument and i said things i regret let me know,0,Non-Abusive,HRD-013
i saw you at the junction today wearing the blue dress,1,Cyberstalking / Intimidation,STK-001
idiot i am counting the hours until i see you in person,1,Cyberstalking / Intimidation,STK-016
look here shut up you brainless fool nobody asked you and that is final,1,Severe Harassment / Defamation / Hate Speech,HAR-018
quick question good morning hope you slept well please,0,Non-Abusive,CLN-024
i will kill you tonight so watch yourself,1,Physical Violence / Life Threat,VIO-000
hey see you at church on sunday please,0,Non-Abusive,CLN-025
you are a stupid idiot who cannot do anything right,1,Severe Harassment / Defamation / Hate Speech,HAR-010
nobody will ever love a disgusting pig like you and that is final,1,Severe Harassment / Defamation / Hate Speech,HAR-001
quick question the wifi in the lab is very slow today cheers,0,Non-Abusive,CLN-017
stupid girl you are the ugliest thing i have ever seen in my life,1,Severe Harassment / Defamation / Hate Speech,HAR-005
for the last time when i catch you i will break your legs you will see,1,Physical Violence / Life Threat,VIO-003
listen to me i have been watching your hostel window every night you will see,1,Cyberstalking / Intimidation,STK-012
hi i am studying criminal law including offences against the person ok,0,Non-Abusive,HRD-019
good morning i reported the theft to the police this morning cheers,0,Non-Abusive,HRD-016
listen to me i will tag your pastor in the photos if you ignore me,1,Blackmail / Non-Consensual Extortion,BLK-012
by the way the results will be published next month god bless,0,Non-Abusive,CLN-029
hey i know where you live and i am watching you foolish girl,1,Cyberstalking / Intimidation,STK-000
by the way see you at church on sunday let me know,0,Non-Abusive,CLN-025
hey you are a stupid idiot who cannot do anything right so watch yourself,1,Severe Harassment / Defamation / Hate Speech,HAR-010
listen to me i am counting the hours until i see you in person and nobody can save you,1,Cyberstalking / Intimidation,STK-016
look here one more word and i will finish you completely stupid,1,Physical Violence / Life Threat,VIO-014
am warning you i will spread the rumour until nobody talks to you again you will see,1,Severe Harassment / Defamation / Hate Speech,HAR-016
good morning the team lost badly and everyone was upset talk soon,0,Non-Abusive,HRD-034
you better understand send me money or i will leak your nudes stupid,1,Blackmail / Non-Consensual Extortion,BLK-000
i am telling you i know your mother works at the market on fridays,1,Cyberstalking / Intimidation,STK-008
stupid girl i took pictures of you today without you knowing idiot,1,Cyberstalking / Intimidation,STK-017
i finished reading chapter two of the textbook talk soon,0,Non-Abusive,CLN-019
idiot everyone in the hall thinks you are a joke,1,Severe Harassment / Defamation / Hate Speech,HAR-020
am warning you i followed you home yesterday and you did not even notice and that is final,1,Cyberstalking / Intimidation,STK-002
good morning the security officer warned us about people following students at night,0,Non-Abusive,HRD-027
you are stupid and everyone in class laughs at you so watch yourself,1,Severe Harassment / Defamation / Hate Speech,HAR-002
i really enjoyed the seminar this morning have a good day,0,Non-Abusive,CLN-012
for the last time you are trash and you will always be trash stupid,1,Severe Harassment / Defamation / Hate Speech,HAR-015
i am telling you if you block me i will send your photos to your father,1,Blackmail / Non-Consensual Extortion,BLK-003
you better understand send more pictures or i release the ones i already have,1,Blackmail / Non-Consensual Extortion,BLK-010
look here if you block me i will send your photos to your father foolish girl,1,Blackmail / Non-Consensual Extortion,BLK-003
stupid girl i will share your private moments with your classmates,1,Blackmail / Non-Consensual Extortion,BLK-017
the printer in the office is out of toner,0,Non-Abusive,CLN-026
i will shoot you the day i see you in town,1,Physical Violence / Life Threat,VIO-008
hi the exam timetable has been released on the portal cheers,0,Non-Abusive,CLN-010
you better understand you are a shameless disgusting creature,1,Severe Harassment / Defamation / Hate Speech,HAR-021
you better understand i am uploading your videos to telegram if you do not answer foolish girl,1,Blackmail / Non-Consensual Extortion,BLK-014
i am tracking everywhere you go,1,Cyberstalking / Intimidation,STK-009
hello the boss criticised my presentation quite harshly let me know,0,Non-Abusive,HRD-033
i am frustrated because my code keeps crashing let me know,0,Non-Abusive,HRD-007
please remind me to bring my student id tomorrow god bless,0,Non-Abusive,CLN-011
you better understand transfer the money now or i publish everything tonight and nobody can save you,1,Blackmail / Non-Consensual Extortion,BLK-018
just checking in i finished reading chapter two of the textbook cheers,0,Non-Abusive,CLN-019
listen to me watch your back because i am coming for you so watch yourself,1,Physical Violence / Life Threat,VIO-011
i swear to god i will hurt you so badly you will beg me to stop,1,Physical Violence / Life Threat,VIO-015
look here send me money or i will leak your nudes so watch yourself,1,Blackmail / Non-Consensual Extortion,BLK-000
you hurt my feelings when you said that in front of everyone talk soon,0,Non-Abusive,HRD-006
i swear to god your new address will not save you from me so watch yourself,1,Cyberstalking / Intimidation,STK-018
i failed the quiz and i feel awful about it talk soon,0,Non-Abusive,HRD-009
the results will be published next month have a good day,0,Non-Abusive,CLN-029
quick question the counsellor gave a talk about domestic violence awareness let me know,0,Non-Abusive,HRD-023
hey could you please review my code before i submit,0,Non-Abusive,CLN-016
please report any suspicious person watching the hostel,0,Non-Abusive,HRD-028
you are trash and you will always be trash and that is final,1,Severe Harassment / Defamation / Hate Speech,HAR-015
hello the printer in the office is out of toner cheers,0,Non-Abusive,CLN-026
thank you so much for your help yesterday please,0,Non-Abusive,CLN-005
stupid girl i saved everything and i will share it with your employer,1,Blackmail / Non-Consensual Extortion,BLK-007
stupid girl i will deal with you until you learn your lesson permanently foolish girl,1,Physical Violence / Life Threat,VIO-019
stupid girl you are a useless worthless whore and that is final,1,Severe Harassment / Defamation / Hate Speech,HAR-000
i swear to god you are stupid and everyone in class laughs at you foolish girl,1,Severe Harassment / Defamation / Hate Speech,HAR-002
please i will pay the hostel fees on monday cheers,0,Non-Abusive,CLN-023
i have your new number even after you changed it you hear me,1,Cyberstalking / Intimidation,STK-006
hey nobody respects you because you are a common prostitute stupid,1,Severe Harassment / Defamation / Hate Speech,HAR-014
am warning you your new address will not save you from me and that is final,1,Cyberstalking / Intimidation,STK-018
hey the bus to campus leaves at seven thirty talk soon,0,Non-Abusive,CLN-014
please the article explains how victims of blackmail can get help please,0,Non-Abusive,HRD-021
i am telling you your family will receive these videos if you do not reply,1,Blackmail / Non-Consensual Extortion,BLK-008
just checking in the horror movie had a scene where someone gets stabbed,0,Non-Abusive,HRD-024
for the last time keep talking and i will bury you myself,1,Physical Violence / Life Threat,VIO-009
by the way the article explains how victims of blackmail can get help thanks,0,Non-Abusive,HRD-021
shut up you brainless fool nobody asked you,1,Severe Harassment / Defamation / Hate Speech,HAR-018
i swear to god you should just kill yourself and save everyone the trouble stupid,1,Severe Harassment / Defamation / Hate Speech,HAR-003
please confirm whether you received my email thanks,0,Non-Abusive,CLN-021
stupid girl cooperate with me or i will ruin your reputation forever,1,Blackmail / Non-Consensual Extortion,BLK-006
you are the ugliest thing i have ever seen in my life,1,Severe Harassment / Defamation / Hate Speech,HAR-005
hey the wifi in the lab is very slow today,0,Non-Abusive,CLN-017
stupid girl i will strangle you with my bare hands so watch yourself,1,Physical Violence / Life Threat,VIO-016
quick question the boss criticised my presentation quite harshly,0,Non-Abusive,HRD-033
am warning you i am uploading your videos to telegram if you do not answer idiot,1,Blackmail / Non-Consensual Extortion,BLK-014
just checking in thank you so much for your help yesterday cheers,0,Non-Abusive,CLN-005
hey i hate this course it is so difficult and stressful talk soon,0,Non-Abusive,HRD-001
by the way the team lost badly and everyone was upset god bless,0,Non-Abusive,HRD-034
look here i will spread the rumour until nobody talks to you again,1,Severe Harassment / Defamation / Hate Speech,HAR-016
just checking in that was a terrible decision and i disagree completely let me know,0,Non-Abusive,HRD-008
quick question the horror movie had a scene where someone gets stabbed ok,0,Non-Abusive,HRD-024
hi i am travelling to kumasi this weekend for a wedding let me know,0,Non-Abusive,CLN-015
hi we are debating whether the death penalty should be abolished thanks,0,Non-Abusive,HRD-031
i will post your private chats on facebook for everyone to read stupid,1,Blackmail / Non-Consensual Extortion,BLK-009
i am tired of always being the one who apologises have a good day,0,Non-Abusive,HRD-014
am warning you you cannot hide from me anywhere in this country you hear me,1,Cyberstalking / Intimidation,STK-003
i know your mother works at the market on fridays so watch yourself,1,Cyberstalking / Intimidation,STK-008
am warning you if you block me i will send your photos to your father and that is final,1,Blackmail / Non-Consensual Extortion,BLK-003
hi i finished reading chapter two of the textbook have a good day,0,Non-Abusive,CLN-019
good morning the seminar covered how to preserve digital evidence of threats please,0,Non-Abusive,HRD-029
i will find you no matter how many times you block me stupid,1,Cyberstalking / Intimidation,STK-007
look here i know your mother works at the market on fridays and i mean it,1,Cyberstalking / Intimidation,STK-008
idiot i will spread the rumour until nobody talks to you again idiot,1,Severe Harassment / Defamation / Hate Speech,HAR-016
i am telling you i have screenshots of everything and i will use them against you and i mean it,1,Blackmail / Non-Consensual Extortion,BLK-019
quick question i hate this course it is so difficult and stressful cheers,0,Non-Abusive,HRD-001
stupid girl i created new accounts because you blocked the old ones and i mean it,1,Cyberstalking / Intimidation,STK-015
hello that was a terrible decision and i disagree completely have a good day,0,Non-Abusive,HRD-008
i am telling you i will destroy your marriage with these pictures,1,Blackmail / Non-Consensual Extortion,BLK-021
the boss criticised my presentation quite harshly let me know,0,Non-Abusive,HRD-033
hello please send me the lecture notes when you get a chance,0,Non-Abusive,CLN-000
you better understand you are a shameless slut who sleeps with everyone,1,Severe Harassment / Defamation / Hate Speech,HAR-004
he shouted at the referee during the match ok,0,Non-Abusive,HRD-026
i am telling you you should just kill yourself and save everyone the trouble you hear me,1,Severe Harassment / Defamation / Hate Speech,HAR-003
good morning congratulations on passing your defence let me know,0,Non-Abusive,CLN-013
if you block me i will send your photos to your father,1,Blackmail / Non-Consensual Extortion,BLK-003
quick question that was a terrible decision and i disagree completely let me know,0,Non-Abusive,HRD-008
please confirm whether you received my email let me know,0,Non-Abusive,CLN-021
hello we should start revising for the mid semester exams god bless,0,Non-Abusive,CLN-020
he shouted at the referee during the match talk soon,0,Non-Abusive,HRD-026
quick question the counsellor gave a talk about domestic violence awareness please,0,Non-Abusive,HRD-023
that was a terrible decision and i disagree completely thanks,0,Non-Abusive,HRD-008
you better understand keep talking and i will bury you myself you will see,1,Physical Violence / Life Threat,VIO-009
you deserve to die alone you filthy animal idiot,1,Severe Harassment / Defamation / Hate Speech,HAR-006
stupid girl send more pictures or i release the ones i already have and that is final,1,Blackmail / Non-Consensual Extortion,BLK-010
listen to me send me money or i will leak your nudes,1,Blackmail / Non-Consensual Extortion,BLK-000
you are a shameless disgusting creature you hear me,1,Severe Harassment / Defamation / Hate Speech,HAR-021
hello the team lost badly and everyone was upset let me know,0,Non-Abusive,HRD-034
you better understand i will spread the rumour until nobody talks to you again idiot,1,Severe Harassment / Defamation / Hate Speech,HAR-016
idiot i will never leave you alone until you talk to me and i mean it,1,Cyberstalking / Intimidation,STK-011
the article explains how victims of blackmail can get help,0,Non-Abusive,HRD-021
by the way thank you so much for your help yesterday please,0,Non-Abusive,CLN-005
could you please review my code before i submit please,0,Non-Abusive,CLN-016
just checking in the exam timetable has been released on the portal cheers,0,Non-Abusive,CLN-010
send me money or i will leak your nudes,1,Blackmail / Non-Consensual Extortion,BLK-000
the horror movie had a scene where someone gets stabbed talk soon,0,Non-Abusive,HRD-024
by the way i am travelling to kumasi this weekend for a wedding ok,0,Non-Abusive,CLN-015
you are a stupid idiot who cannot do anything right stupid,1,Severe Harassment / Defamation / Hate Speech,HAR-010
i am tired of always being the one who apologises let me know,0,Non-Abusive,HRD-014
i am telling you i took pictures of you today without you knowing and that is final,1,Cyberstalking / Intimidation,STK-017
am warning you deny me again and your whole family sees the video and that is final,1,Blackmail / Non-Consensual Extortion,BLK-020
good morning we are debating whether the death penalty should be abolished ok,0,Non-Abusive,HRD-031
the news said a man was killed in an accident on the highway please,0,Non-Abusive,HRD-018
please let us meet at the department after the quiz ok,0,Non-Abusive,CLN-008
i know which trotro you take every morning you will see,1,Cyberstalking / Intimidation,STK-013
idiot i am counting the hours until i see you in person idiot,1,Cyberstalking / Intimidation,STK-016
hey please stop calling me i need some space have a good day,0,Non-Abusive,HRD-010
listen to me your scholarship will be gone when they see what i have idiot,1,Blackmail / Non-Consensual Extortion,BLK-015
listen to me you are trash and you will always be trash and nobody can save you,1,Severe Harassment / Defamation / Hate Speech,HAR-015
hey i am upset that my laptop was stolen last night god bless,0,Non-Abusive,HRD-011
hey the team lost badly and everyone was upset talk soon,0,Non-Abusive,HRD-034
i am studying criminal law including offences against the person have a good day,0,Non-Abusive,HRD-019
the seminar covered how to preserve digital evidence of threats let me know,0,Non-Abusive,HRD-029
i am travelling to kumasi this weekend for a wedding have a good day,0,Non-Abusive,CLN-015
quick question please remind me to bring my student id tomorrow,0,Non-Abusive,CLN-011
our lecturer discussed cyberbullying and harassment in class today let me know,0,Non-Abusive,HRD-020
hi i am disappointed that you did not tell me the truth please,0,Non-Abusive,HRD-002
i am telling you meet me tonight or the pictures go public idiot,1,Blackmail / Non-Consensual Extortion,BLK-011
hi she was crying because she failed her exam,0,Non-Abusive,HRD-017
listen to me i created new accounts because you blocked the old ones and that is final,1,Cyberstalking / Intimidation,STK-015
hey i am counting the hours until i see you in person so watch yourself,1,Cyberstalking / Intimidation,STK-016
listen to me i swear i will beat you until you cannot walk again stupid,1,Physical Violence / Life Threat,VIO-002
please the printer in the office is out of toner let me know,0,Non-Abusive,CLN-026
i swear to god i will share your private moments with your classmates,1,Blackmail / Non-Consensual Extortion,BLK-017
i am telling you you can run but i will always know where you are so watch yourself,1,Cyberstalking / Intimidation,STK-014
by the way congratulations on passing your defence ok,0,Non-Abusive,CLN-013
hi i failed the quiz and i feel awful about it ok,0,Non-Abusive,HRD-009
see you at church on sunday talk soon,0,Non-Abusive,CLN-025
please i will be a bit late for the group meeting have a good day,0,Non-Abusive,CLN-004
hey please send me the lecture notes when you get a chance cheers,0,Non-Abusive,CLN-000
you are mentally retarded and should not be in university so watch yourself,1,Severe Harassment / Defamation / Hate Speech,HAR-013
hi can you send me the link to the recording talk soon,0,Non-Abusive,CLN-007
stupid girl i know your lecture timetable and where you sit idiot,1,Cyberstalking / Intimidation,STK-005
please please report any suspicious person watching the hostel please,0,Non-Abusive,HRD-028
by the way i do not like him but i would never wish him harm have a good day,0,Non-Abusive,HRD-030
hello please stop calling me i need some space let me know,0,Non-Abusive,HRD-010
for the last time i will destroy you and everyone in your family stupid,1,Physical Violence / Life Threat,VIO-022
i am telling you deny me again and your whole family sees the video and that is final,1,Blackmail / Non-Consensual Extortion,BLK-020
i am disappointed that you did not tell me the truth,0,Non-Abusive,HRD-002
good morning hope you slept well cheers,0,Non-Abusive,CLN-024
i am telling you i will hurt you so badly you will beg me to stop and nobody can save you,1,Physical Violence / Life Threat,VIO-015
we had a serious argument and i said things i regret,0,Non-Abusive,HRD-013
i know where you live and i am watching you stupid,1,Cyberstalking / Intimidation,STK-000
hi i deleted the game because it was too aggressive cheers,0,Non-Abusive,HRD-025
am warning you i will break your neck if you report me you will see,1,Physical Violence / Life Threat,VIO-020
quick question thank you so much for your help yesterday let me know,0,Non-Abusive,CLN-005
am warning you i will strangle you with my bare hands and nobody can save you,1,Physical Violence / Life Threat,VIO-016
stupid girl give me what i want or your whole church will see these images,1,Blackmail / Non-Consensual Extortion,BLK-004
hello are we still meeting at the library at four,0,Non-Abusive,CLN-001
look here i am outside your gate right now and nobody can save you,1,Cyberstalking / Intimidation,STK-004
i took pictures of you today without you knowing so watch yourself,1,Cyberstalking / Intimidation,STK-017
just checking in the printer in the office is out of toner have a good day,0,Non-Abusive,CLN-026
look here i will stab you in front of everyone,1,Physical Violence / Life Threat,VIO-024
my landlord is threatening to increase the rent again ok,0,Non-Abusive,HRD-015
i took pictures of you today without you knowing and nobody can save you,1,Cyberstalking / Intimidation,STK-017
am warning you i will stab you in front of everyone,1,Physical Violence / Life Threat,VIO-024
good morning the football match starts at eight tonight let me know,0,Non-Abusive,CLN-022
hey the exam timetable has been released on the portal cheers,0,Non-Abusive,CLN-010
look here i am tracking everywhere you go you will see,1,Cyberstalking / Intimidation,STK-009
thank you so much for your help yesterday ok,0,Non-Abusive,CLN-005
i am telling you i saw you at the junction today wearing the blue dress idiot,1,Cyberstalking / Intimidation,STK-001
stupid girl you are a dirty liar and a thief so watch yourself,1,Severe Harassment / Defamation / Hate Speech,HAR-017
i will expose your private pictures to the whole campus you will see,1,Blackmail / Non-Consensual Extortion,BLK-005
quick question i deleted the game because it was too aggressive have a good day,0,Non-Abusive,HRD-025
i am telling you i will show up wherever you are until you respond stupid,1,Cyberstalking / Intimidation,STK-019
am warning you i will break your neck if you report me foolish girl,1,Physical Violence / Life Threat,VIO-020
i reported the theft to the police this morning god bless,0,Non-Abusive,HRD-016
you better understand i will stab you in front of everyone you hear me,1,Physical Violence / Life Threat,VIO-024
my sister is annoying me but i still love her god bless,0,Non-Abusive,HRD-032
am warning you prepare your funeral because i am coming stupid,1,Physical Violence / Life Threat,VIO-021
please i deleted the game because it was too aggressive,0,Non-Abusive,HRD-025
i finished reading chapter two of the textbook god bless,0,Non-Abusive,CLN-019
my landlord is threatening to increase the rent again please,0,Non-Abusive,HRD-015
the news said a man was killed in an accident on the highway have a good day,0,Non-Abusive,HRD-018
hey please report any suspicious person watching the hostel ok,0,Non-Abusive,HRD-028
please remind me to bring my student id tomorrow have a good day,0,Non-Abusive,CLN-011
by the way see you at church on sunday cheers,0,Non-Abusive,CLN-025
i am telling you i will expose your private pictures to the whole campus and that is final,1,Blackmail / Non-Consensual Extortion,BLK-005
hey everyone knows you are a liar and a fraud idiot,1,Severe Harassment / Defamation / Hate Speech,HAR-007
i am telling you you will not see the end of this week alive stupid,1,Physical Violence / Life Threat,VIO-006
i am telling you i will tell everyone what a cheap girl you are,1,Severe Harassment / Defamation / Hate Speech,HAR-011
hi i will pay the hostel fees on monday thanks,0,Non-Abusive,CLN-023
i swear to god i will tag your pastor in the photos if you ignore me,1,Blackmail / Non-Consensual Extortion,BLK-012
good morning i will pay the hostel fees on monday have a good day,0,Non-Abusive,CLN-023
just checking in did you understand what the lecturer said about pointers god bless,0,Non-Abusive,CLN-006
just checking in the assignment deadline was moved to next friday,0,Non-Abusive,CLN-003
hi we should start revising for the mid semester exams cheers,0,Non-Abusive,CLN-020
for the last time i will expose your private pictures to the whole campus and nobody can save you,1,Blackmail / Non-Consensual Extortion,BLK-005
i swear to god one more word and i will finish you completely,1,Physical Violence / Life Threat,VIO-014
quick question i really enjoyed the seminar this morning cheers,0,Non-Abusive,CLN-012
i am telling you i am outside your gate right now foolish girl,1,Cyberstalking / Intimidation,STK-004
idiot i will tag your pastor in the photos if you ignore me foolish girl,1,Blackmail / Non-Consensual Extortion,BLK-012
idiot i will share your private moments with your classmates,1,Blackmail / Non-Consensual Extortion,BLK-017
hello the results will be published next month,0,Non-Abusive,CLN-029
i am disappointed that you did not tell me the truth god bless,0,Non-Abusive,HRD-002
please this is the worst service i have ever received thanks,0,Non-Abusive,HRD-004
please good morning hope you slept well god bless,0,Non-Abusive,CLN-024
everyone in the hall thinks you are a joke,1,Severe Harassment / Defamation / Hate Speech,HAR-020
good morning let us meet at the department after the quiz talk soon,0,Non-Abusive,CLN-008
i finished reading chapter two of the textbook,0,Non-Abusive,CLN-019
just checking in i failed the quiz and i feel awful about it god bless,0,Non-Abusive,HRD-009
when i catch you i will break your legs and that is final,1,Physical Violence / Life Threat,VIO-003
you are a shameless slut who sleeps with everyone stupid,1,Severe Harassment / Defamation / Hate Speech,HAR-004
am warning you i will never leave you alone until you talk to me,1,Cyberstalking / Intimidation,STK-011
quick question i have submitted my project proposal today,0,Non-Abusive,CLN-009
please good morning hope you slept well let me know,0,Non-Abusive,CLN-024
please the article explains how victims of blackmail can get help,0,Non-Abusive,HRD-021
please send me the lecture notes when you get a chance cheers,0,Non-Abusive,CLN-000
hi i am disappointed that you did not tell me the truth god bless,0,Non-Abusive,HRD-002
i will stab you in front of everyone and i mean it,1,Physical Violence / Life Threat,VIO-024
give me what i want or your whole church will see these images foolish girl,1,Blackmail / Non-Consensual Extortion,BLK-004
quick question the news said a man was killed in an accident on the highway please,0,Non-Abusive,HRD-018
hello please stop calling me i need some space god bless,0,Non-Abusive,HRD-010
i am studying criminal law including offences against the person thanks,0,Non-Abusive,HRD-019
am warning you keep talking and i will bury you myself and i mean it,1,Physical Violence / Life Threat,VIO-009
please i failed the quiz and i feel awful about it please,0,Non-Abusive,HRD-009
listen to me watch your back because i am coming for you,1,Physical Violence / Life Threat,VIO-011
good morning i really enjoyed the seminar this morning,0,Non-Abusive,CLN-012
transfer the money now or i publish everything tonight foolish girl,1,Blackmail / Non-Consensual Extortion,BLK-018
deny me again and your whole family sees the video stupid,1,Blackmail / Non-Consensual Extortion,BLK-020
good morning please report any suspicious person watching the hostel let me know,0,Non-Abusive,HRD-028
hey you are trash and you will always be trash idiot,1,Severe Harassment / Defamation / Hate Speech,HAR-015
by the way did you understand what the lecturer said about pointers thanks,0,Non-Abusive,CLN-006
please we should start revising for the mid semester exams thanks,0,Non-Abusive,CLN-020
i am telling you you are a dirty liar and a thief,1,Severe Harassment / Defamation / Hate Speech,HAR-017
i swear to god i am uploading your videos to telegram if you do not answer and i mean it,1,Blackmail / Non-Consensual Extortion,BLK-014
stupid girl i took pictures of you today without you knowing and i mean it,1,Cyberstalking / Intimidation,STK-017
look here you will regret being born when i get my hands on you you will see,1,Physical Violence / Life Threat,VIO-012
hey my supervisor approved my chapter three ok,0,Non-Abusive,CLN-028
by the way i need to buy a new laptop charger,0,Non-Abusive,CLN-027
please we are debating whether the death penalty should be abolished talk soon,0,Non-Abusive,HRD-031
hi i hate this course it is so difficult and stressful ok,0,Non-Abusive,HRD-001
i swear to god i am coming to your hostel with a knife idiot,1,Physical Violence / Life Threat,VIO-005
you better understand you will pay me every month or i keep posting you will see,1,Blackmail / Non-Consensual Extortion,BLK-013
hey give me what i want or your whole church will see these images so watch yourself,1,Blackmail / Non-Consensual Extortion,BLK-004
hey i will spread the rumour until nobody talks to you again foolish girl,1,Severe Harassment / Defamation / Hate Speech,HAR-016
do what i say or i will send this to your fiance stupid,1,Blackmail / Non-Consensual Extortion,BLK-016
nobody respects you because you are a common prostitute idiot,1,Severe Harassment / Defamation / Hate Speech,HAR-014
please confirm whether you received my email talk soon,0,Non-Abusive,CLN-021
just checking in our lecturer discussed cyberbullying and harassment in class today have a good day,0,Non-Abusive,HRD-020
please i reported the theft to the police this morning,0,Non-Abusive,HRD-016
hello we are debating whether the death penalty should be abolished god bless,0,Non-Abusive,HRD-031
stupid girl i will expose your private pictures to the whole campus,1,Blackmail / Non-Consensual Extortion,BLK-005
hey i will pay the hostel fees on monday god bless,0,Non-Abusive,CLN-023
good morning i failed the quiz and i feel awful about it,0,Non-Abusive,HRD-009
i really enjoyed the seminar this morning let me know,0,Non-Abusive,CLN-012
just checking in my supervisor approved my chapter three let me know,0,Non-Abusive,CLN-028
i will strangle you with my bare hands and that is final,1,Physical Violence / Life Threat,VIO-016
idiot i will shoot you the day i see you in town and nobody can save you,1,Physical Violence / Life Threat,VIO-008
good morning please confirm whether you received my email cheers,0,Non-Abusive,CLN-021
just checking in see you at church on sunday,0,Non-Abusive,CLN-025
hey deny me again and your whole family sees the video you hear me,1,Blackmail / Non-Consensual Extortion,BLK-020
hello let us meet at the department after the quiz cheers,0,Non-Abusive,CLN-008
am warning you i am outside your gate right now and i mean it,1,Cyberstalking / Intimidation,STK-004
quick question please report any suspicious person watching the hostel,0,Non-Abusive,HRD-028
just checking in we are debating whether the death penalty should be abolished let me know,0,Non-Abusive,HRD-031
look here you are a shameless disgusting creature and that is final,1,Severe Harassment / Defamation / Hate Speech,HAR-021
please i deleted the game because it was too aggressive god bless,0,Non-Abusive,HRD-025
hi the wifi in the lab is very slow today ok,0,Non-Abusive,CLN-017
by the way please confirm whether you received my email thanks,0,Non-Abusive,CLN-021
i will expose your private pictures to the whole campus and nobody can save you,1,Blackmail / Non-Consensual Extortion,BLK-005
hey did you understand what the lecturer said about pointers,0,Non-Abusive,CLN-006
i will pour acid on your face,1,Physical Violence / Life Threat,VIO-018
by the way she was crying because she failed her exam let me know,0,Non-Abusive,HRD-017
stupid girl you are worthless and your existence is a mistake,1,Severe Harassment / Defamation / Hate Speech,HAR-019
could you please review my code before i submit talk soon,0,Non-Abusive,CLN-016
you better understand i will spread the rumour until nobody talks to you again and that is final,1,Severe Harassment / Defamation / Hate Speech,HAR-016
the printer in the office is out of toner talk soon,0,Non-Abusive,CLN-026
go and die somewhere nobody wants you here you will see,1,Severe Harassment / Defamation / Hate Speech,HAR-009
hey i am disappointed that you did not tell me the truth please,0,Non-Abusive,HRD-002
idiot you are a useless worthless whore,1,Severe Harassment / Defamation / Hate Speech,HAR-000
i am upset that my laptop was stolen last night,0,Non-Abusive,HRD-011
just checking in that was a terrible decision and i disagree completely,0,Non-Abusive,HRD-008
good morning the wifi in the lab is very slow today thanks,0,Non-Abusive,CLN-017
i will be a bit late for the group meeting,0,Non-Abusive,CLN-004
good morning let us meet at the department after the quiz,0,Non-Abusive,CLN-008
good morning the article explains how victims of blackmail can get help talk soon,0,Non-Abusive,HRD-021
stupid girl i am tracking everywhere you go,1,Cyberstalking / Intimidation,STK-009
hi that was a terrible decision and i disagree completely ok,0,Non-Abusive,HRD-008
the printer in the office is out of toner have a good day,0,Non-Abusive,CLN-026
please the boss criticised my presentation quite harshly talk soon,0,Non-Abusive,HRD-033
please see you at church on sunday,0,Non-Abusive,CLN-025
listen to me deny me again and your whole family sees the video you will see,1,Blackmail / Non-Consensual Extortion,BLK-020
hey the football match starts at eight tonight,0,Non-Abusive,CLN-022
hey i will deal with you until you learn your lesson permanently,1,Physical Violence / Life Threat,VIO-019
please i am really angry about how the meeting went today,0,Non-Abusive,HRD-000
hi could you please review my code before i submit please,0,Non-Abusive,CLN-016
stupid girl do what i say or i will send this to your fiance,1,Blackmail / Non-Consensual Extortion,BLK-016
hello please report any suspicious person watching the hostel god bless,0,Non-Abusive,HRD-028
hello we had a serious argument and i said things i regret,0,Non-Abusive,HRD-013
i am counting the hours until i see you in person you will see,1,Cyberstalking / Intimidation,STK-016
the assignment deadline was moved to next friday thanks,0,Non-Abusive,CLN-003
good morning i think we should stop talking to each other for a while ok,0,Non-Abusive,HRD-003
for the last time i will find you no matter how many times you block me and that is final,1,Cyberstalking / Intimidation,STK-007
you are a shameless disgusting creature stupid,1,Severe Harassment / Defamation / Hate Speech,HAR-021
hey i will tag your pastor in the photos if you ignore me and nobody can save you,1,Blackmail / Non-Consensual Extortion,BLK-012
hey the film was violent and disturbing and i did not enjoy it have a good day,0,Non-Abusive,HRD-012
by the way the team lost badly and everyone was upset ok,0,Non-Abusive,HRD-034
i swear to god i followed you home yesterday and you did not even notice,1,Cyberstalking / Intimidation,STK-002
he shouted at the referee during the match let me know,0,Non-Abusive,HRD-026
listen to me you disgust me you worthless piece of trash foolish girl,1,Severe Harassment / Defamation / Hate Speech,HAR-008
i will spread the rumour until nobody talks to you again,1,Severe Harassment / Defamation / Hate Speech,HAR-016
please we had a serious argument and i said things i regret let me know,0,Non-Abusive,HRD-013
am warning you you are a shameless disgusting creature and that is final,1,Severe Harassment / Defamation / Hate Speech,HAR-021
the team lost badly and everyone was upset thanks,0,Non-Abusive,HRD-034
you better understand i have been watching your hostel window every night and that is final,1,Cyberstalking / Intimidation,STK-012
hello she was crying because she failed her exam god bless,0,Non-Abusive,HRD-017
hey i will deal with you until you learn your lesson permanently you will see,1,Physical Violence / Life Threat,VIO-019
good morning are we still meeting at the library at four talk soon,0,Non-Abusive,CLN-001
just checking in the assignment deadline was moved to next friday please,0,Non-Abusive,CLN-003
hey you will regret being born when i get my hands on you,1,Physical Violence / Life Threat,VIO-012
look here prepare your funeral because i am coming foolish girl,1,Physical Violence / Life Threat,VIO-021
i will be a bit late for the group meeting talk soon,0,Non-Abusive,CLN-004
good morning the football match starts at eight tonight cheers,0,Non-Abusive,CLN-022
stupid girl i will show up wherever you are until you respond you will see,1,Cyberstalking / Intimidation,STK-019
quick question our lecturer discussed cyberbullying and harassment in class today ok,0,Non-Abusive,HRD-020
you better understand i will share your private moments with your classmates and that is final,1,Blackmail / Non-Consensual Extortion,BLK-017
hello the exam timetable has been released on the portal talk soon,0,Non-Abusive,CLN-010
hello we should start revising for the mid semester exams,0,Non-Abusive,CLN-020
idiot you are stupid and everyone in class laughs at you you will see,1,Severe Harassment / Defamation / Hate Speech,HAR-002
idiot you changed your route today but i still saw you,1,Cyberstalking / Intimidation,STK-010
hey i saved everything and i will share it with your employer stupid,1,Blackmail / Non-Consensual Extortion,BLK-007
i am counting the hours until i see you in person idiot,1,Cyberstalking / Intimidation,STK-016
i will slit your throat you useless thing you will see,1,Physical Violence / Life Threat,VIO-004
just checking in we had a serious argument and i said things i regret let me know,0,Non-Abusive,HRD-013
i am outside your gate right now so watch yourself,1,Cyberstalking / Intimidation,STK-004
listen to me i will share your private moments with your classmates stupid,1,Blackmail / Non-Consensual Extortion,BLK-017
please the football match starts at eight tonight let me know,0,Non-Abusive,CLN-022
i am telling you deny me again and your whole family sees the video,1,Blackmail / Non-Consensual Extortion,BLK-020
hey i am tracking everywhere you go and nobody can save you,1,Cyberstalking / Intimidation,STK-009
just checking in the article explains how victims of blackmail can get help thanks,0,Non-Abusive,HRD-021
hello she was crying because she failed her exam,0,Non-Abusive,HRD-017
quick question please confirm whether you received my email please,0,Non-Abusive,CLN-021
listen to me prepare your funeral because i am coming stupid,1,Physical Violence / Life Threat,VIO-021
i am writing my project on detecting abusive messages online cheers,0,Non-Abusive,HRD-022
just checking in please report any suspicious person watching the hostel,0,Non-Abusive,HRD-028
look here you will regret being born when i get my hands on you and nobody can save you,1,Physical Violence / Life Threat,VIO-012
please send me the lecture notes when you get a chance please,0,Non-Abusive,CLN-000
i swear to god i took pictures of you today without you knowing stupid,1,Cyberstalking / Intimidation,STK-017
i am telling you you are mentally retarded and should not be in university you hear me,1,Severe Harassment / Defamation / Hate Speech,HAR-013
i swear to god i will spread the rumour until nobody talks to you again and nobody can save you,1,Severe Harassment / Defamation / Hate Speech,HAR-016
pay me 2000 cedis by tomorrow or everyone sees your pictures and nobody can save you,1,Blackmail / Non-Consensual Extortion,BLK-001
by the way are we still meeting at the library at four have a good day,0,Non-Abusive,CLN-001
i am telling you cooperate with me or i will ruin your reputation forever idiot,1,Blackmail / Non-Consensual Extortion,BLK-006
you hurt my feelings when you said that in front of everyone cheers,0,Non-Abusive,HRD-006
look here i will share your private moments with your classmates stupid,1,Blackmail / Non-Consensual Extortion,BLK-017
i swear to god do what i say or i will send this to your fiance stupid,1,Blackmail / Non-Consensual Extortion,BLK-016
i am travelling to kumasi this weekend for a wedding please,0,Non-Abusive,CLN-015
you better understand deny me again and your whole family sees the video and that is final,1,Blackmail / Non-Consensual Extortion,BLK-020
quick question are we still meeting at the library at four let me know,0,Non-Abusive,CLN-001
i am telling you i will never leave you alone until you talk to me you will see,1,Cyberstalking / Intimidation,STK-011
look here i created new accounts because you blocked the old ones idiot,1,Cyberstalking / Intimidation,STK-015
this is the worst service i have ever received cheers,0,Non-Abusive,HRD-004
i swear to god nobody respects you because you are a common prostitute foolish girl,1,Severe Harassment / Defamation / Hate Speech,HAR-014
hi i will be a bit late for the group meeting talk soon,0,Non-Abusive,CLN-004
hi please confirm whether you received my email let me know,0,Non-Abusive,CLN-021
i saw you at the junction today wearing the blue dress you hear me,1,Cyberstalking / Intimidation,STK-001
idiot you are a dead person walking so watch yourself,1,Physical Violence / Life Threat,VIO-017
for the last time cooperate with me or i will ruin your reputation forever idiot,1,Blackmail / Non-Consensual Extortion,BLK-006
hello please stop calling me i need some space thanks,0,Non-Abusive,HRD-010
am warning you one more word and i will finish you completely and that is final,1,Physical Violence / Life Threat,VIO-014
i swear to god you are going to die and nobody will find your body,1,Physical Violence / Life Threat,VIO-001
please i am tired of always being the one who apologises cheers,0,Non-Abusive,HRD-014
listen to me i will pour acid on your face so watch yourself,1,Physical Violence / Life Threat,VIO-018
i am telling you your new address will not save you from me and that is final,1,Cyberstalking / Intimidation,STK-018
we are debating whether the death penalty should be abolished thanks,0,Non-Abusive,HRD-031
i still have the videos and i will post them online stupid,1,Blackmail / Non-Consensual Extortion,BLK-002
look here you changed your route today but i still saw you foolish girl,1,Cyberstalking / Intimidation,STK-010
for the last time i still have the videos and i will post them online and i mean it,1,Blackmail / Non-Consensual Extortion,BLK-002
hey the wifi in the lab is very slow today god bless,0,Non-Abusive,CLN-017
i do not like him but i would never wish him harm let me know,0,Non-Abusive,HRD-030
hello we should start revising for the mid semester exams talk soon,0,Non-Abusive,CLN-020
please send me the lecture notes when you get a chance have a good day,0,Non-Abusive,CLN-000
hey i will share your private moments with your classmates stupid,1,Blackmail / Non-Consensual Extortion,BLK-017
listen to me i followed you home yesterday and you did not even notice you will see,1,Cyberstalking / Intimidation,STK-002
just checking in i do not want to be in this relationship anymore have a good day,0,Non-Abusive,HRD-005
i swear to god i will never leave you alone until you talk to me and that is final,1,Cyberstalking / Intimidation,STK-011
quick question let me know when you are free to discuss the report ok,0,Non-Abusive,CLN-018
hi we are debating whether the death penalty should be abolished let me know,0,Non-Abusive,HRD-031
i am telling you you are a disgrace to your family and your tribe foolish girl,1,Severe Harassment / Defamation / Hate Speech,HAR-012
you better understand i will strangle you with my bare hands foolish girl,1,Physical Violence / Life Threat,VIO-016
hi good morning hope you slept well have a good day,0,Non-Abusive,CLN-024
i swear to god send me money or i will leak your nudes you will see,1,Blackmail / Non-Consensual Extortion,BLK-000
hi the exam timetable has been released on the portal talk soon,0,Non-Abusive,CLN-010
look here you disgust me you worthless piece of trash stupid,1,Severe Harassment / Defamation / Hate Speech,HAR-008
please let me know when you are free to discuss the report cheers,0,Non-Abusive,CLN-018
am warning you your new address will not save you from me,1,Cyberstalking / Intimidation,STK-018
hello that was a terrible decision and i disagree completely,0,Non-Abusive,HRD-008
idiot i know your mother works at the market on fridays and i mean it,1,Cyberstalking / Intimidation,STK-008
you are mentally retarded and should not be in university,1,Severe Harassment / Defamation / Hate Speech,HAR-013
hey i will tell everyone what a cheap girl you are stupid,1,Severe Harassment / Defamation / Hate Speech,HAR-011
hi i reported the theft to the police this morning,0,Non-Abusive,HRD-016
i am travelling to kumasi this weekend for a wedding thanks,0,Non-Abusive,CLN-015
hey are we still meeting at the library at four,0,Non-Abusive,CLN-001
hey are we still meeting at the library at four god bless,0,Non-Abusive,CLN-001
hey the security officer warned us about people following students at night thanks,0,Non-Abusive,HRD-027
hi the article explains how victims of blackmail can get help have a good day,0,Non-Abusive,HRD-021
please are we still meeting at the library at four please,0,Non-Abusive,CLN-001
i am telling you you cannot hide from me anywhere in this country and that is final,1,Cyberstalking / Intimidation,STK-003
i will tell everyone what a cheap girl you are you will see,1,Severe Harassment / Defamation / Hate Speech,HAR-011
hi congratulations on passing your defence,0,Non-Abusive,CLN-013
please happy birthday i hope you have a wonderful day cheers,0,Non-Abusive,CLN-002
stupid girl you disgust me you worthless piece of trash so watch yourself,1,Severe Harassment / Defamation / Hate Speech,HAR-008
for the last time your scholarship will be gone when they see what i have and nobody can save you,1,Blackmail / Non-Consensual Extortion,BLK-015
hey i really enjoyed the seminar this morning,0,Non-Abusive,CLN-012
meet me tonight or the pictures go public and nobody can save you,1,Blackmail / Non-Consensual Extortion,BLK-011
quick question we had a serious argument and i said things i regret talk soon,0,Non-Abusive,HRD-013
i am telling you i am coming to your hostel with a knife so watch yourself,1,Physical Violence / Life Threat,VIO-005
idiot keep talking and i will bury you myself,1,Physical Violence / Life Threat,VIO-009
please i am travelling to kumasi this weekend for a wedding thanks,0,Non-Abusive,CLN-015
by the way the results will be published next month please,0,Non-Abusive,CLN-029
idiot i will tag your pastor in the photos if you ignore me,1,Blackmail / Non-Consensual Extortion,BLK-012
stupid girl transfer the money now or i publish everything tonight you will see,1,Blackmail / Non-Consensual Extortion,BLK-018
look here i will never leave you alone until you talk to me,1,Cyberstalking / Intimidation,STK-011
hi the bus to campus leaves at seven thirty ok,0,Non-Abusive,CLN-014
please the seminar covered how to preserve digital evidence of threats please,0,Non-Abusive,HRD-029
i swear to god give me what i want or your whole church will see these images,1,Blackmail / Non-Consensual Extortion,BLK-004
i am telling you i swear i will beat you until you cannot walk again,1,Physical Violence / Life Threat,VIO-002
please this is the worst service i have ever received let me know,0,Non-Abusive,HRD-004
hey i will find you no matter how many times you block me and i mean it,1,Cyberstalking / Intimidation,STK-007
by the way did you understand what the lecturer said about pointers god bless,0,Non-Abusive,CLN-006
hey you are a useless worthless whore,1,Severe Harassment / Defamation / Hate Speech,HAR-000
i swear to god i will tag your pastor in the photos if you ignore me stupid,1,Blackmail / Non-Consensual Extortion,BLK-012
you better understand keep talking and i will bury you myself so watch yourself,1,Physical Violence / Life Threat,VIO-009
i am telling you you will pay me every month or i keep posting and nobody can save you,1,Blackmail / Non-Consensual Extortion,BLK-013
idiot you are going to die and nobody will find your body stupid,1,Physical Violence / Life Threat,VIO-001
look here i will spread the rumour until nobody talks to you again stupid,1,Severe Harassment / Defamation / Hate Speech,HAR-016
hey please remind me to bring my student id tomorrow cheers,0,Non-Abusive,CLN-011
hello we are debating whether the death penalty should be abolished please,0,Non-Abusive,HRD-031
am warning you you can run but i will always know where you are and nobody can save you,1,Cyberstalking / Intimidation,STK-014
i swear to god you are the ugliest thing i have ever seen in my life you hear me,1,Severe Harassment / Defamation / Hate Speech,HAR-005
good morning the exam timetable has been released on the portal,0,Non-Abusive,CLN-010
just checking in we should start revising for the mid semester exams have a good day,0,Non-Abusive,CLN-020
good morning the exam timetable has been released on the portal talk soon,0,Non-Abusive,CLN-010
i am really angry about how the meeting went today thanks,0,Non-Abusive,HRD-000
i swear to god you disgust me you worthless piece of trash,1,Severe Harassment / Defamation / Hate Speech,HAR-008
i am telling you i will stab you in front of everyone you will see,1,Physical Violence / Life Threat,VIO-024
stupid girl i will break your neck if you report me foolish girl,1,Physical Violence / Life Threat,VIO-020
i swear to god i created new accounts because you blocked the old ones foolish girl,1,Cyberstalking / Intimidation,STK-015
just checking in could you please review my code before i submit,0,Non-Abusive,CLN-016
hi the boss criticised my presentation quite harshly,0,Non-Abusive,HRD-033
i am upset that my laptop was stolen last night god bless,0,Non-Abusive,HRD-011
hey i will expose your private pictures to the whole campus and nobody can save you,1,Blackmail / Non-Consensual Extortion,BLK-005
i am telling you i will spread the rumour until nobody talks to you again foolish girl,1,Severe Harassment / Defamation / Hate Speech,HAR-016
the horror movie had a scene where someone gets stabbed cheers,0,Non-Abusive,HRD-024
you better understand i will shoot you the day i see you in town stupid,1,Physical Violence / Life Threat,VIO-008
just checking in please remind me to bring my student id tomorrow talk soon,0,Non-Abusive,CLN-011
quick question the article explains how victims of blackmail can get help,0,Non-Abusive,HRD-021
hello good morning hope you slept well let me know,0,Non-Abusive,CLN-024
i will break your neck if you report me you hear me,1,Physical Violence / Life Threat,VIO-020
look here you will not see the end of this week alive foolish girl,1,Physical Violence / Life Threat,VIO-006
just checking in i am travelling to kumasi this weekend for a wedding thanks,0,Non-Abusive,CLN-015
look here i am tracking everywhere you go,1,Cyberstalking / Intimidation,STK-009
i deleted the game because it was too aggressive,0,Non-Abusive,HRD-025
i swear to god you are stupid and everyone in class laughs at you and i mean it,1,Severe Harassment / Defamation / Hate Speech,HAR-002
i swear to god you cannot hide from me anywhere in this country,1,Cyberstalking / Intimidation,STK-003
i swear to god i will kill you tonight you will see,1,Physical Violence / Life Threat,VIO-000
hey i know your lecture timetable and where you sit and that is final,1,Cyberstalking / Intimidation,STK-005
good morning the wifi in the lab is very slow today,0,Non-Abusive,CLN-017
listen to me you are a dirty liar and a thief foolish girl,1,Severe Harassment / Defamation / Hate Speech,HAR-017
hey see you at church on sunday thanks,0,Non-Abusive,CLN-025
i am telling you you are a dirty liar and a thief and i mean it,1,Severe Harassment / Defamation / Hate Speech,HAR-017
please i do not like him but i would never wish him harm cheers,0,Non-Abusive,HRD-030
you better understand i followed you home yesterday and you did not even notice so watch yourself,1,Cyberstalking / Intimidation,STK-002
deny me again and your whole family sees the video foolish girl,1,Blackmail / Non-Consensual Extortion,BLK-020
listen to me meet me tonight or the pictures go public and i mean it,1,Blackmail / Non-Consensual Extortion,BLK-011
am warning you when i catch you i will break your legs stupid,1,Physical Violence / Life Threat,VIO-003
stupid girl i am uploading your videos to telegram if you do not answer so watch yourself,1,Blackmail / Non-Consensual Extortion,BLK-014
for the last time i will destroy you and everyone in your family you hear me,1,Physical Violence / Life Threat,VIO-022
hey i really enjoyed the seminar this morning ok,0,Non-Abusive,CLN-012
idiot you will pay me every month or i keep posting,1,Blackmail / Non-Consensual Extortion,BLK-013
quick question i deleted the game because it was too aggressive let me know,0,Non-Abusive,HRD-025
you better understand i will smash your face until your own mother cannot recognise you so watch yourself,1,Physical Violence / Life Threat,VIO-010
i deleted the game because it was too aggressive cheers,0,Non-Abusive,HRD-025
i am telling you i will tag your pastor in the photos if you ignore me,1,Blackmail / Non-Consensual Extortion,BLK-012
idiot i am tracking everywhere you go,1,Cyberstalking / Intimidation,STK-009
nobody respects you because you are a common prostitute you will see,1,Severe Harassment / Defamation / Hate Speech,HAR-014
idiot shut up you brainless fool nobody asked you and nobody can save you,1,Severe Harassment / Defamation / Hate Speech,HAR-018
you cannot hide from me anywhere in this country so watch yourself,1,Cyberstalking / Intimidation,STK-003
good morning i will be a bit late for the group meeting god bless,0,Non-Abusive,CLN-004
i hate this course it is so difficult and stressful thanks,0,Non-Abusive,HRD-001
please report any suspicious person watching the hostel please,0,Non-Abusive,HRD-028
she was crying because she failed her exam talk soon,0,Non-Abusive,HRD-017
quick question please confirm whether you received my email talk soon,0,Non-Abusive,CLN-021
am warning you i created new accounts because you blocked the old ones you will see,1,Cyberstalking / Intimidation,STK-015
thank you so much for your help yesterday,0,Non-Abusive,CLN-005
hey i still have the videos and i will post them online idiot,1,Blackmail / Non-Consensual Extortion,BLK-002
hey let us meet at the department after the quiz let me know,0,Non-Abusive,CLN-008
please did you understand what the lecturer said about pointers talk soon,0,Non-Abusive,CLN-006
good morning did you understand what the lecturer said about pointers god bless,0,Non-Abusive,CLN-006
you can run but i will always know where you are so watch yourself,1,Cyberstalking / Intimidation,STK-014
stupid girl i will destroy your marriage with these pictures and nobody can save you,1,Blackmail / Non-Consensual Extortion,BLK-021
hi can you send me the link to the recording cheers,0,Non-Abusive,CLN-007
hey do what i say or i will send this to your fiance,1,Blackmail / Non-Consensual Extortion,BLK-016
look here you are going to die and nobody will find your body and nobody can save you,1,Physical Violence / Life Threat,VIO-001
hi happy birthday i hope you have a wonderful day please,0,Non-Abusive,CLN-002
good morning see you at church on sunday please,0,Non-Abusive,CLN-025
hi we are debating whether the death penalty should be abolished have a good day,0,Non-Abusive,HRD-031
hi thank you so much for your help yesterday have a good day,0,Non-Abusive,CLN-005
send more pictures or i release the ones i already have and that is final,1,Blackmail / Non-Consensual Extortion,BLK-010
just checking in i think we should stop talking to each other for a while please,0,Non-Abusive,HRD-003
for the last time i am tracking everywhere you go,1,Cyberstalking / Intimidation,STK-009
i am telling you i will tag your pastor in the photos if you ignore me idiot,1,Blackmail / Non-Consensual Extortion,BLK-012
look here i am tracking everywhere you go foolish girl,1,Cyberstalking / Intimidation,STK-009
hello please send me the lecture notes when you get a chance god bless,0,Non-Abusive,CLN-000
listen to me i will hurt you so badly you will beg me to stop and that is final,1,Physical Violence / Life Threat,VIO-015
quick question the wifi in the lab is very slow today please,0,Non-Abusive,CLN-017
we should start revising for the mid semester exams thanks,0,Non-Abusive,CLN-020
idiot i created new accounts because you blocked the old ones you will see,1,Cyberstalking / Intimidation,STK-015
for the last time you are worthless and your existence is a mistake,1,Severe Harassment / Defamation / Hate Speech,HAR-019
i am telling you i know your lecture timetable and where you sit so watch yourself,1,Cyberstalking / Intimidation,STK-005
good morning the football match starts at eight tonight,0,Non-Abusive,CLN-022
hey i do not like him but i would never wish him harm cheers,0,Non-Abusive,HRD-030
by the way the news said a man was killed in an accident on the highway,0,Non-Abusive,HRD-018
just checking in the team lost badly and everyone was upset let me know,0,Non-Abusive,HRD-034
i am telling you i am uploading your videos to telegram if you do not answer you hear me,1,Blackmail / Non-Consensual Extortion,BLK-014
happy birthday i hope you have a wonderful day please,0,Non-Abusive,CLN-002
by the way i hate this course it is so difficult and stressful ok,0,Non-Abusive,HRD-001
stupid girl i know your lecture timetable and where you sit and nobody can save you,1,Cyberstalking / Intimidation,STK-005
good morning the news said a man was killed in an accident on the highway let me know,0,Non-Abusive,HRD-018
for the last time you cannot hide from me anywhere in this country,1,Cyberstalking / Intimidation,STK-003
just checking in the team lost badly and everyone was upset have a good day,0,Non-Abusive,HRD-034
i swear to god i know where you live and i am watching you,1,Cyberstalking / Intimidation,STK-000
for the last time you can run but i will always know where you are and that is final,1,Cyberstalking / Intimidation,STK-014
just checking in let me know when you are free to discuss the report thanks,0,Non-Abusive,CLN-018
i swear to god you are a useless worthless whore and that is final,1,Severe Harassment / Defamation / Hate Speech,HAR-000
i am telling you i will destroy your marriage with these pictures idiot,1,Blackmail / Non-Consensual Extortion,BLK-021
hi are we still meeting at the library at four cheers,0,Non-Abusive,CLN-001
look here i have your new number even after you changed it and that is final,1,Cyberstalking / Intimidation,STK-006
hey the results will be published next month let me know,0,Non-Abusive,CLN-029
give me what i want or your whole church will see these images and nobody can save you,1,Blackmail / Non-Consensual Extortion,BLK-004
you will regret being born when i get my hands on you and nobody can save you,1,Physical Violence / Life Threat,VIO-012
i swear to god send me money or i will leak your nudes and nobody can save you,1,Blackmail / Non-Consensual Extortion,BLK-000
you better understand your scholarship will be gone when they see what i have so watch yourself,1,Blackmail / Non-Consensual Extortion,BLK-015
idiot everyone knows you are a liar and a fraud,1,Severe Harassment / Defamation / Hate Speech,HAR-007
hi the seminar covered how to preserve digital evidence of threats,0,Non-Abusive,HRD-029
hi we are debating whether the death penalty should be abolished please,0,Non-Abusive,HRD-031
hey you will regret being born when i get my hands on you you will see,1,Physical Violence / Life Threat,VIO-012
i swear to god i have screenshots of everything and i will use them against you you hear me,1,Blackmail / Non-Consensual Extortion,BLK-019
stupid girl you disgust me you worthless piece of trash idiot,1,Severe Harassment / Defamation / Hate Speech,HAR-008
hey did you understand what the lecturer said about pointers thanks,0,Non-Abusive,CLN-006
quick question good morning hope you slept well let me know,0,Non-Abusive,CLN-024
listen to me you are a stupid idiot who cannot do anything right you will see,1,Severe Harassment / Defamation / Hate Speech,HAR-010
stupid girl i will stab you in front of everyone foolish girl,1,Physical Violence / Life Threat,VIO-024
hello happy birthday i hope you have a wonderful day let me know,0,Non-Abusive,CLN-002
listen to me i will slit your throat you useless thing and nobody can save you,1,Physical Violence / Life Threat,VIO-004
quick question i failed the quiz and i feel awful about it ok,0,Non-Abusive,HRD-009
i swear to god i will find you no matter how many times you block me,1,Cyberstalking / Intimidation,STK-007
idiot i will pour acid on your face and nobody can save you,1,Physical Violence / Life Threat,VIO-018
you are a dirty liar and a thief so watch yourself,1,Severe Harassment / Defamation / Hate Speech,HAR-017
hello i am frustrated because my code keeps crashing god bless,0,Non-Abusive,HRD-007
idiot i am outside your gate right now so watch yourself,1,Cyberstalking / Intimidation,STK-004
by the way the bus to campus leaves at seven thirty thanks,0,Non-Abusive,CLN-014
you are trash and you will always be trash foolish girl,1,Severe Harassment / Defamation / Hate Speech,HAR-015
hey you are worthless and your existence is a mistake,1,Severe Harassment / Defamation / Hate Speech,HAR-019
hey i am coming to your hostel with a knife and i mean it,1,Physical Violence / Life Threat,VIO-005
hi the article explains how victims of blackmail can get help please,0,Non-Abusive,HRD-021
please please send me the lecture notes when you get a chance have a good day,0,Non-Abusive,CLN-000
good morning i need to buy a new laptop charger cheers,0,Non-Abusive,CLN-027
hello i need to buy a new laptop charger talk soon,0,Non-Abusive,CLN-027
just checking in my supervisor approved my chapter three,0,Non-Abusive,CLN-028
you better understand i know your mother works at the market on fridays idiot,1,Cyberstalking / Intimidation,STK-008
quick question we are debating whether the death penalty should be abolished talk soon,0,Non-Abusive,HRD-031
good morning i am frustrated because my code keeps crashing talk soon,0,Non-Abusive,HRD-007
he shouted at the referee during the match please,0,Non-Abusive,HRD-026
stupid girl you are a dirty liar and a thief and nobody can save you,1,Severe Harassment / Defamation / Hate Speech,HAR-017
listen to me you are trash and you will always be trash idiot,1,Severe Harassment / Defamation / Hate Speech,HAR-015
look here you are stupid and everyone in class laughs at you and nobody can save you,1,Severe Harassment / Defamation / Hate Speech,HAR-002
i saved everything and i will share it with your employer you will see,1,Blackmail / Non-Consensual Extortion,BLK-007
hi see you at church on sunday please,0,Non-Abusive,CLN-025
hi did you understand what the lecturer said about pointers ok,0,Non-Abusive,CLN-006
you better understand i have your new number even after you changed it and that is final,1,Cyberstalking / Intimidation,STK-006
idiot i will break your neck if you report me you hear me,1,Physical Violence / Life Threat,VIO-020
please i am frustrated because my code keeps crashing have a good day,0,Non-Abusive,HRD-007
hello please report any suspicious person watching the hostel talk soon,0,Non-Abusive,HRD-028
hey the seminar covered how to preserve digital evidence of threats have a good day,0,Non-Abusive,HRD-029
hey i hate this course it is so difficult and stressful have a good day,0,Non-Abusive,HRD-001
hello the news said a man was killed in an accident on the highway cheers,0,Non-Abusive,HRD-018
the wifi in the lab is very slow today,0,Non-Abusive,CLN-017
hi i am really angry about how the meeting went today ok,0,Non-Abusive,HRD-000
please i need to buy a new laptop charger ok,0,Non-Abusive,CLN-027
hello she was crying because she failed her exam thanks,0,Non-Abusive,HRD-017
hi my sister is annoying me but i still love her talk soon,0,Non-Abusive,HRD-032
listen to me you are stupid and everyone in class laughs at you idiot,1,Severe Harassment / Defamation / Hate Speech,HAR-002
hi thank you so much for your help yesterday talk soon,0,Non-Abusive,CLN-005
the security officer warned us about people following students at night thanks,0,Non-Abusive,HRD-027
quick question i am writing my project on detecting abusive messages online let me know,0,Non-Abusive,HRD-022
please i will be a bit late for the group meeting,0,Non-Abusive,CLN-004
i swear to god you should just kill yourself and save everyone the trouble foolish girl,1,Severe Harassment / Defamation / Hate Speech,HAR-003
please the team lost badly and everyone was upset god bless,0,Non-Abusive,HRD-034
i am telling you when i catch you i will break your legs and i mean it,1,Physical Violence / Life Threat,VIO-003
you better understand shut up you brainless fool nobody asked you you hear me,1,Severe Harassment / Defamation / Hate Speech,HAR-018
quick question i think we should stop talking to each other for a while have a good day,0,Non-Abusive,HRD-003
when i catch you i will break your legs foolish girl,1,Physical Violence / Life Threat,VIO-003
hey i am writing my project on detecting abusive messages online,0,Non-Abusive,HRD-022
by the way are we still meeting at the library at four let me know,0,Non-Abusive,CLN-001
look here you can run but i will always know where you are you hear me,1,Cyberstalking / Intimidation,STK-014
am warning you i will expose your private pictures to the whole campus,1,Blackmail / Non-Consensual Extortion,BLK-005
i am telling you you are a useless worthless whore and that is final,1,Severe Harassment / Defamation / Hate Speech,HAR-000
hey i followed you home yesterday and you did not even notice,1,Cyberstalking / Intimidation,STK-002
look here i am counting the hours until i see you in person and that is final,1,Cyberstalking / Intimidation,STK-016
stupid girl you will regret being born when i get my hands on you so watch yourself,1,Physical Violence / Life Threat,VIO-012
please that was a terrible decision and i disagree completely,0,Non-Abusive,HRD-008
hi please stop calling me i need some space ok,0,Non-Abusive,HRD-010
hey please confirm whether you received my email talk soon,0,Non-Abusive,CLN-021
you better understand i know your mother works at the market on fridays foolish girl,1,Cyberstalking / Intimidation,STK-008
nobody will ever love a disgusting pig like you so watch yourself,1,Severe Harassment / Defamation / Hate Speech,HAR-001
i have screenshots of everything and i will use them against you so watch yourself,1,Blackmail / Non-Consensual Extortion,BLK-019
could you please review my code before i submit ok,0,Non-Abusive,CLN-016
i am telling you you are trash and you will always be trash you will see,1,Severe Harassment / Defamation / Hate Speech,HAR-015
hey we should start revising for the mid semester exams let me know,0,Non-Abusive,CLN-020
quick question the results will be published next month,0,Non-Abusive,CLN-029
by the way please report any suspicious person watching the hostel ok,0,Non-Abusive,HRD-028
listen to me you deserve to die alone you filthy animal,1,Severe Harassment / Defamation / Hate Speech,HAR-006
the football match starts at eight tonight ok,0,Non-Abusive,CLN-022
please the assignment deadline was moved to next friday talk soon,0,Non-Abusive,CLN-003
i am travelling to kumasi this weekend for a wedding god bless,0,Non-Abusive,CLN-015
hello let me know when you are free to discuss the report cheers,0,Non-Abusive,CLN-018
hey thank you so much for your help yesterday please,0,Non-Abusive,CLN-005
please are we still meeting at the library at four,0,Non-Abusive,CLN-001
listen to me i know your lecture timetable and where you sit foolish girl,1,Cyberstalking / Intimidation,STK-005
i am telling you you are stupid and everyone in class laughs at you and nobody can save you,1,Severe Harassment / Defamation / Hate Speech,HAR-002
by the way i am tired of always being the one who apologises let me know,0,Non-Abusive,HRD-014
hey that was a terrible decision and i disagree completely thanks,0,Non-Abusive,HRD-008
hi the counsellor gave a talk about domestic violence awareness ok,0,Non-Abusive,HRD-023
stupid girl i know where you live and i am watching you,1,Cyberstalking / Intimidation,STK-000
by the way the article explains how victims of blackmail can get help let me know,0,Non-Abusive,HRD-021
the wifi in the lab is very slow today have a good day,0,Non-Abusive,CLN-017
hey your new address will not save you from me and that is final,1,Cyberstalking / Intimidation,STK-018
you better understand i will expose your private pictures to the whole campus foolish girl,1,Blackmail / Non-Consensual Extortion,BLK-005
i am telling you keep talking and i will bury you myself foolish girl,1,Physical Violence / Life Threat,VIO-009
i swear to god i will spread the rumour until nobody talks to you again idiot,1,Severe Harassment / Defamation / Hate Speech,HAR-016
i swear to god i will never leave you alone until you talk to me foolish girl,1,Cyberstalking / Intimidation,STK-011
hey send more pictures or i release the ones i already have and that is final,1,Blackmail / Non-Consensual Extortion,BLK-010
idiot i have been watching your hostel window every night foolish girl,1,Cyberstalking / Intimidation,STK-012
look here i will burn your house down with you inside,1,Physical Violence / Life Threat,VIO-007
idiot i saved everything and i will share it with your employer stupid,1,Blackmail / Non-Consensual Extortion,BLK-007
good morning i am frustrated because my code keeps crashing,0,Non-Abusive,HRD-007
listen to me i am coming to your hostel with a knife and nobody can save you,1,Physical Violence / Life Threat,VIO-005
hey the counsellor gave a talk about domestic violence awareness let me know,0,Non-Abusive,HRD-023
i reported the theft to the police this morning thanks,0,Non-Abusive,HRD-016
quick question i have submitted my project proposal today cheers,0,Non-Abusive,CLN-009
hi the news said a man was killed in an accident on the highway,0,Non-Abusive,HRD-018
by the way the football match starts at eight tonight,0,Non-Abusive,CLN-022
look here everyone in the hall thinks you are a joke and i mean it,1,Severe Harassment / Defamation / Hate Speech,HAR-020
hi let me know when you are free to discuss the report please,0,Non-Abusive,CLN-018
keep talking and i will bury you myself,1,Physical Violence / Life Threat,VIO-009
quick question congratulations on passing your defence have a good day,0,Non-Abusive,CLN-013
just checking in let us meet at the department after the quiz please,0,Non-Abusive,CLN-008
just checking in are we still meeting at the library at four,0,Non-Abusive,CLN-001
for the last time you are the ugliest thing i have ever seen in my life you hear me,1,Severe Harassment / Defamation / Hate Speech,HAR-005
you better understand you are stupid and everyone in class laughs at you,1,Severe Harassment / Defamation / Hate Speech,HAR-002
am warning you everyone in the hall thinks you are a joke and nobody can save you,1,Severe Harassment / Defamation / Hate Speech,HAR-020
please i will be a bit late for the group meeting cheers,0,Non-Abusive,CLN-004
i think we should stop talking to each other for a while ok,0,Non-Abusive,HRD-003
by the way i am tired of always being the one who apologises have a good day,0,Non-Abusive,HRD-014
i swear to god i will tell everyone what a cheap girl you are you will see,1,Severe Harassment / Defamation / Hate Speech,HAR-011
hey the team lost badly and everyone was upset thanks,0,Non-Abusive,HRD-034
just checking in we should start revising for the mid semester exams talk soon,0,Non-Abusive,CLN-020
look here you are a stupid idiot who cannot do anything right,1,Severe Harassment / Defamation / Hate Speech,HAR-010
hello i really enjoyed the seminar this morning,0,Non-Abusive,CLN-012
we should start revising for the mid semester exams let me know,0,Non-Abusive,CLN-020
i swear to god go and die somewhere nobody wants you here,1,Severe Harassment / Defamation / Hate Speech,HAR-009
i need to buy a new laptop charger god bless,0,Non-Abusive,CLN-027
i am telling you i know which trotro you take every morning and i mean it,1,Cyberstalking / Intimidation,STK-013
hey i have been watching your hostel window every night and i mean it,1,Cyberstalking / Intimidation,STK-012
am warning you shut up you brainless fool nobody asked you you will see,1,Severe Harassment / Defamation / Hate Speech,HAR-018
i will burn your house down with you inside foolish girl,1,Physical Violence / Life Threat,VIO-007
good morning i do not like him but i would never wish him harm ok,0,Non-Abusive,HRD-030
please we had a serious argument and i said things i regret god bless,0,Non-Abusive,HRD-013
just checking in i need to buy a new laptop charger god bless,0,Non-Abusive,CLN-027
i swear to god i will expose your private pictures to the whole campus,1,Blackmail / Non-Consensual Extortion,BLK-005
hey keep talking and i will bury you myself,1,Physical Violence / Life Threat,VIO-009
please i am frustrated because my code keeps crashing,0,Non-Abusive,HRD-007
listen to me i know your lecture timetable and where you sit,1,Cyberstalking / Intimidation,STK-005
i am telling you i have your new number even after you changed it you hear me,1,Cyberstalking / Intimidation,STK-006
listen to me one more word and i will finish you completely so watch yourself,1,Physical Violence / Life Threat,VIO-014
she was crying because she failed her exam god bless,0,Non-Abusive,HRD-017
idiot i will slit your throat you useless thing so watch yourself,1,Physical Violence / Life Threat,VIO-004
you better understand i saved everything and i will share it with your employer and nobody can save you,1,Blackmail / Non-Consensual Extortion,BLK-007
you better understand i will destroy you and everyone in your family and i mean it,1,Physical Violence / Life Threat,VIO-022
am warning you you are a shameless slut who sleeps with everyone stupid,1,Severe Harassment / Defamation / Hate Speech,HAR-004
by the way please report any suspicious person watching the hostel god bless,0,Non-Abusive,HRD-028
good morning congratulations on passing your defence,0,Non-Abusive,CLN-013
you better understand i will share your private moments with your classmates foolish girl,1,Blackmail / Non-Consensual Extortion,BLK-017
am warning you i saw you at the junction today wearing the blue dress,1,Cyberstalking / Intimidation,STK-001
listen to me your family will receive these videos if you do not reply and i mean it,1,Blackmail / Non-Consensual Extortion,BLK-008
stupid girl you are going to die and nobody will find your body,1,Physical Violence / Life Threat,VIO-001
by the way could you please review my code before i submit have a good day,0,Non-Abusive,CLN-016
i followed you home yesterday and you did not even notice,1,Cyberstalking / Intimidation,STK-002
please i am studying criminal law including offences against the person,0,Non-Abusive,HRD-019
for the last time i will burn your house down with you inside idiot,1,Physical Violence / Life Threat,VIO-007
hi please remind me to bring my student id tomorrow please,0,Non-Abusive,CLN-011
please i think we should stop talking to each other for a while,0,Non-Abusive,HRD-003
you changed your route today but i still saw you idiot,1,Cyberstalking / Intimidation,STK-010
stupid girl meet me tonight or the pictures go public and nobody can save you,1,Blackmail / Non-Consensual Extortion,BLK-011
listen to me i will smash your face until your own mother cannot recognise you so watch yourself,1,Physical Violence / Life Threat,VIO-010
quick question the bus to campus leaves at seven thirty ok,0,Non-Abusive,CLN-014
for the last time you will pay me every month or i keep posting,1,Blackmail / Non-Consensual Extortion,BLK-013
for the last time you changed your route today but i still saw you,1,Cyberstalking / Intimidation,STK-010
good morning i will be a bit late for the group meeting talk soon,0,Non-Abusive,CLN-004
by the way i am really angry about how the meeting went today ok,0,Non-Abusive,HRD-000
please the exam timetable has been released on the portal cheers,0,Non-Abusive,CLN-010
look here you are a disgrace to your family and your tribe,1,Severe Harassment / Defamation / Hate Speech,HAR-012
for the last time i still have the videos and i will post them online and nobody can save you,1,Blackmail / Non-Consensual Extortion,BLK-002
idiot deny me again and your whole family sees the video and that is final,1,Blackmail / Non-Consensual Extortion,BLK-020
hey keep talking and i will bury you myself and that is final,1,Physical Violence / Life Threat,VIO-009
listen to me i created new accounts because you blocked the old ones stupid,1,Cyberstalking / Intimidation,STK-015
i deleted the game because it was too aggressive ok,0,Non-Abusive,HRD-025
hey you hurt my feelings when you said that in front of everyone thanks,0,Non-Abusive,HRD-006
you will pay me every month or i keep posting,1,Blackmail / Non-Consensual Extortion,BLK-013
good morning please confirm whether you received my email thanks,0,Non-Abusive,CLN-021
hi we should start revising for the mid semester exams thanks,0,Non-Abusive,CLN-020
by the way my supervisor approved my chapter three god bless,0,Non-Abusive,CLN-028
the film was violent and disturbing and i did not enjoy it cheers,0,Non-Abusive,HRD-012
quick question the security officer warned us about people following students at night,0,Non-Abusive,HRD-027
hi the bus to campus leaves at seven thirty,0,Non-Abusive,CLN-014
i am travelling to kumasi this weekend for a wedding talk soon,0,Non-Abusive,CLN-015
just checking in congratulations on passing your defence,0,Non-Abusive,CLN-013
i am telling you everyone in the hall thinks you are a joke stupid,1,Severe Harassment / Defamation / Hate Speech,HAR-020
am warning you i will slit your throat you useless thing,1,Physical Violence / Life Threat,VIO-004
hey the counsellor gave a talk about domestic violence awareness ok,0,Non-Abusive,HRD-023
just checking in i do not like him but i would never wish him harm god bless,0,Non-Abusive,HRD-030
good morning i hate this course it is so difficult and stressful,0,Non-Abusive,HRD-001
good morning my supervisor approved my chapter three have a good day,0,Non-Abusive,CLN-028
i will pour acid on your face stupid,1,Physical Violence / Life Threat,VIO-018
hi please send me the lecture notes when you get a chance,0,Non-Abusive,CLN-000
did you understand what the lecturer said about pointers,0,Non-Abusive,CLN-006
for the last time i know where you live and i am watching you stupid,1,Cyberstalking / Intimidation,STK-000
hello i am tired of always being the one who apologises let me know,0,Non-Abusive,HRD-014
quick question i do not want to be in this relationship anymore let me know,0,Non-Abusive,HRD-005
i swear to god everyone knows you are a liar and a fraud stupid,1,Severe Harassment / Defamation / Hate Speech,HAR-007
look here i am tracking everywhere you go stupid,1,Cyberstalking / Intimidation,STK-009
you are a shameless disgusting creature,1,Severe Harassment / Defamation / Hate Speech,HAR-021
the wifi in the lab is very slow today cheers,0,Non-Abusive,CLN-017
i will hurt you so badly you will beg me to stop and i mean it,1,Physical Violence / Life Threat,VIO-015
hi the security officer warned us about people following students at night thanks,0,Non-Abusive,HRD-027
your new address will not save you from me so watch yourself,1,Cyberstalking / Intimidation,STK-018
that was a terrible decision and i disagree completely god bless,0,Non-Abusive,HRD-008
you better understand you will regret being born when i get my hands on you foolish girl,1,Physical Violence / Life Threat,VIO-012
i am telling you i am outside your gate right now,1,Cyberstalking / Intimidation,STK-004
am warning you your days on this earth are numbered stupid,1,Physical Violence / Life Threat,VIO-023
good morning i am tired of always being the one who apologises let me know,0,Non-Abusive,HRD-014
stupid girl your scholarship will be gone when they see what i have idiot,1,Blackmail / Non-Consensual Extortion,BLK-015
hello i do not like him but i would never wish him harm,0,Non-Abusive,HRD-030
quick question i am studying criminal law including offences against the person god bless,0,Non-Abusive,HRD-019
idiot you are a shameless disgusting creature so watch yourself,1,Severe Harassment / Defamation / Hate Speech,HAR-021
please the seminar covered how to preserve digital evidence of threats cheers,0,Non-Abusive,HRD-029
am warning you you are a stupid idiot who cannot do anything right,1,Severe Harassment / Defamation / Hate Speech,HAR-010
hey congratulations on passing your defence thanks,0,Non-Abusive,CLN-013
hey i am uploading your videos to telegram if you do not answer and i mean it,1,Blackmail / Non-Consensual Extortion,BLK-014
hello see you at church on sunday cheers,0,Non-Abusive,CLN-025
by the way we should start revising for the mid semester exams let me know,0,Non-Abusive,CLN-020
quick question my sister is annoying me but i still love her,0,Non-Abusive,HRD-032
good morning the news said a man was killed in an accident on the highway please,0,Non-Abusive,HRD-018
i will break your neck if you report me and that is final,1,Physical Violence / Life Threat,VIO-020
listen to me i will kill you tonight,1,Physical Violence / Life Threat,VIO-000
by the way the assignment deadline was moved to next friday let me know,0,Non-Abusive,CLN-003
you are a stupid idiot who cannot do anything right and i mean it,1,Severe Harassment / Defamation / Hate Speech,HAR-010
i am uploading your videos to telegram if you do not answer idiot,1,Blackmail / Non-Consensual Extortion,BLK-014
by the way please report any suspicious person watching the hostel,0,Non-Abusive,HRD-028
can you send me the link to the recording let me know,0,Non-Abusive,CLN-007
i am telling you i will share your private moments with your classmates,1,Blackmail / Non-Consensual Extortion,BLK-017
the bus to campus leaves at seven thirty thanks,0,Non-Abusive,CLN-014
please the seminar covered how to preserve digital evidence of threats talk soon,0,Non-Abusive,HRD-029
idiot i am tracking everywhere you go and that is final,1,Cyberstalking / Intimidation,STK-009
idiot deny me again and your whole family sees the video you will see,1,Blackmail / Non-Consensual Extortion,BLK-020
i will kill you tonight,1,Physical Violence / Life Threat,VIO-000
listen to me i have been watching your hostel window every night,1,Cyberstalking / Intimidation,STK-012
the article explains how victims of blackmail can get help talk soon,0,Non-Abusive,HRD-021
am warning you i saw you at the junction today wearing the blue dress and i mean it,1,Cyberstalking / Intimidation,STK-001
hey you are a dirty liar and a thief stupid,1,Severe Harassment / Defamation / Hate Speech,HAR-017
idiot i will break your neck if you report me,1,Physical Violence / Life Threat,VIO-020
i am travelling to kumasi this weekend for a wedding,0,Non-Abusive,CLN-015
you better understand i have your new number even after you changed it you hear me,1,Cyberstalking / Intimidation,STK-006
by the way i am studying criminal law including offences against the person god bless,0,Non-Abusive,HRD-019
idiot watch your back because i am coming for you,1,Physical Violence / Life Threat,VIO-011
hello i am studying criminal law including offences against the person let me know,0,Non-Abusive,HRD-019
i swear to god you are a shameless slut who sleeps with everyone and i mean it,1,Severe Harassment / Defamation / Hate Speech,HAR-004
hey i know your lecture timetable and where you sit,1,Cyberstalking / Intimidation,STK-005
you hurt my feelings when you said that in front of everyone,0,Non-Abusive,HRD-006
my landlord is threatening to increase the rent again,0,Non-Abusive,HRD-015
my landlord is threatening to increase the rent again talk soon,0,Non-Abusive,HRD-015
you are a useless worthless whore,1,Severe Harassment / Defamation / Hate Speech,HAR-000
look here transfer the money now or i publish everything tonight,1,Blackmail / Non-Consensual Extortion,BLK-018
i finished reading chapter two of the textbook thanks,0,Non-Abusive,CLN-019
i still have the videos and i will post them online you hear me,1,Blackmail / Non-Consensual Extortion,BLK-002
my supervisor approved my chapter three talk soon,0,Non-Abusive,CLN-028
stupid girl i am counting the hours until i see you in person and nobody can save you,1,Cyberstalking / Intimidation,STK-016
i have been watching your hostel window every night foolish girl,1,Cyberstalking / Intimidation,STK-012
quick question we had a serious argument and i said things i regret god bless,0,Non-Abusive,HRD-013
i swear to god transfer the money now or i publish everything tonight foolish girl,1,Blackmail / Non-Consensual Extortion,BLK-018
by the way i am really angry about how the meeting went today please,0,Non-Abusive,HRD-000
hey the team lost badly and everyone was upset cheers,0,Non-Abusive,HRD-034
am warning you i created new accounts because you blocked the old ones,1,Cyberstalking / Intimidation,STK-015
idiot you are a dirty liar and a thief and nobody can save you,1,Severe Harassment / Defamation / Hate Speech,HAR-017
look here you are a dead person walking and that is final,1,Physical Violence / Life Threat,VIO-017
hello see you at church on sunday let me know,0,Non-Abusive,CLN-025
hello i do not like him but i would never wish him harm let me know,0,Non-Abusive,HRD-030
am warning you deny me again and your whole family sees the video idiot,1,Blackmail / Non-Consensual Extortion,BLK-020
am warning you i will find you no matter how many times you block me stupid,1,Cyberstalking / Intimidation,STK-007
hello the horror movie had a scene where someone gets stabbed let me know,0,Non-Abusive,HRD-024
just checking in i have submitted my project proposal today ok,0,Non-Abusive,CLN-009
i really enjoyed the seminar this morning,0,Non-Abusive,CLN-012
hello the horror movie had a scene where someone gets stabbed please,0,Non-Abusive,HRD-024
good morning the wifi in the lab is very slow today god bless,0,Non-Abusive,CLN-017
please my supervisor approved my chapter three let me know,0,Non-Abusive,CLN-028
idiot nobody respects you because you are a common prostitute,1,Severe Harassment / Defamation / Hate Speech,HAR-014
hey the football match starts at eight tonight talk soon,0,Non-Abusive,CLN-022
please the seminar covered how to preserve digital evidence of threats,0,Non-Abusive,HRD-029
hey i know which trotro you take every morning and that is final,1,Cyberstalking / Intimidation,STK-013
am warning you i created new accounts because you blocked the old ones stupid,1,Cyberstalking / Intimidation,STK-015
quick question please remind me to bring my student id tomorrow have a good day,0,Non-Abusive,CLN-011
i am writing my project on detecting abusive messages online god bless,0,Non-Abusive,HRD-022
for the last time deny me again and your whole family sees the video and that is final,1,Blackmail / Non-Consensual Extortion,BLK-020
look here you disgust me you worthless piece of trash so watch yourself,1,Severe Harassment / Defamation / Hate Speech,HAR-008
for the last time nobody respects you because you are a common prostitute idiot,1,Severe Harassment / Defamation / Hate Speech,HAR-014
just checking in the football match starts at eight tonight let me know,0,Non-Abusive,CLN-022
by the way the assignment deadline was moved to next friday,0,Non-Abusive,CLN-003
quick question i deleted the game because it was too aggressive please,0,Non-Abusive,HRD-025
my sister is annoying me but i still love her thanks,0,Non-Abusive,HRD-032
you better understand you are a useless worthless whore and nobody can save you,1,Severe Harassment / Defamation / Hate Speech,HAR-000
for the last time i will expose your private pictures to the whole campus and that is final,1,Blackmail / Non-Consensual Extortion,BLK-005
hello you hurt my feelings when you said that in front of everyone god bless,0,Non-Abusive,HRD-006
by the way good morning hope you slept well god bless,0,Non-Abusive,CLN-024
good morning i am tired of always being the one who apologises,0,Non-Abusive,HRD-014
by the way please report any suspicious person watching the hostel please,0,Non-Abusive,HRD-028
i will slit your throat you useless thing idiot,1,Physical Violence / Life Threat,VIO-004
for the last time i am counting the hours until i see you in person,1,Cyberstalking / Intimidation,STK-016
we had a serious argument and i said things i regret have a good day,0,Non-Abusive,HRD-013
listen to me you will regret being born when i get my hands on you so watch yourself,1,Physical Violence / Life Threat,VIO-012
quick question please confirm whether you received my email,0,Non-Abusive,CLN-021
idiot you are worthless and your existence is a mistake you will see,1,Severe Harassment / Defamation / Hate Speech,HAR-019
hey i reported the theft to the police this morning ok,0,Non-Abusive,HRD-016
listen to me i will destroy you and everyone in your family and that is final,1,Physical Violence / Life Threat,VIO-022
quick question i finished reading chapter two of the textbook,0,Non-Abusive,CLN-019
hey deny me again and your whole family sees the video stupid,1,Blackmail / Non-Consensual Extortion,BLK-020
just checking in my sister is annoying me but i still love her,0,Non-Abusive,HRD-032
good morning my supervisor approved my chapter three talk soon,0,Non-Abusive,CLN-028
you better understand i will destroy your marriage with these pictures,1,Blackmail / Non-Consensual Extortion,BLK-021
i swear to god i know your mother works at the market on fridays you will see,1,Cyberstalking / Intimidation,STK-008
quick question he shouted at the referee during the match cheers,0,Non-Abusive,HRD-026
i am telling you i will pour acid on your face,1,Physical Violence / Life Threat,VIO-018
good morning i failed the quiz and i feel awful about it please,0,Non-Abusive,HRD-009
am warning you i will make sure you end up in the grave and nobody can save you,1,Physical Violence / Life Threat,VIO-013
hello please confirm whether you received my email,0,Non-Abusive,CLN-021
hey the bus to campus leaves at seven thirty,0,Non-Abusive,CLN-014
i swear to god go and die somewhere nobody wants you here idiot,1,Severe Harassment / Defamation / Hate Speech,HAR-009
just checking in you hurt my feelings when you said that in front of everyone,0,Non-Abusive,HRD-006
hello i am travelling to kumasi this weekend for a wedding let me know,0,Non-Abusive,CLN-015
i am telling you nobody will ever love a disgusting pig like you idiot,1,Severe Harassment / Defamation / Hate Speech,HAR-001
i am telling you i saw you at the junction today wearing the blue dress stupid,1,Cyberstalking / Intimidation,STK-001
please please confirm whether you received my email,0,Non-Abusive,CLN-021
hey i do not like him but i would never wish him harm talk soon,0,Non-Abusive,HRD-030
please my sister is annoying me but i still love her please,0,Non-Abusive,HRD-032
hello the film was violent and disturbing and i did not enjoy it cheers,0,Non-Abusive,HRD-012
just checking in the results will be published next month talk soon,0,Non-Abusive,CLN-029
hey you are a stupid idiot who cannot do anything right,1,Severe Harassment / Defamation / Hate Speech,HAR-010
stupid girl i took pictures of you today without you knowing,1,Cyberstalking / Intimidation,STK-017
just checking in i will pay the hostel fees on monday please,0,Non-Abusive,CLN-023
idiot you are a shameless disgusting creature stupid,1,Severe Harassment / Defamation / Hate Speech,HAR-021
i do not like him but i would never wish him harm please,0,Non-Abusive,HRD-030
hey we should start revising for the mid semester exams talk soon,0,Non-Abusive,CLN-020
listen to me i still have the videos and i will post them online idiot,1,Blackmail / Non-Consensual Extortion,BLK-002
you are stupid and everyone in class laughs at you you hear me,1,Severe Harassment / Defamation / Hate Speech,HAR-002
quick question i am upset that my laptop was stolen last night please,0,Non-Abusive,HRD-011
quick question you hurt my feelings when you said that in front of everyone,0,Non-Abusive,HRD-006
i will tell everyone what a cheap girl you are idiot,1,Severe Harassment / Defamation / Hate Speech,HAR-011
stupid girl shut up you brainless fool nobody asked you,1,Severe Harassment / Defamation / Hate Speech,HAR-018
hi i hate this course it is so difficult and stressful,0,Non-Abusive,HRD-001
for the last time i will hurt you so badly you will beg me to stop stupid,1,Physical Violence / Life Threat,VIO-015
just checking in are we still meeting at the library at four talk soon,0,Non-Abusive,CLN-001
good morning the horror movie had a scene where someone gets stabbed thanks,0,Non-Abusive,HRD-024
good morning the football match starts at eight tonight ok,0,Non-Abusive,CLN-022
i will destroy you and everyone in your family and that is final,1,Physical Violence / Life Threat,VIO-022
good morning this is the worst service i have ever received talk soon,0,Non-Abusive,HRD-004
please i have submitted my project proposal today ok,0,Non-Abusive,CLN-009
i am telling you your family will receive these videos if you do not reply and i mean it,1,Blackmail / Non-Consensual Extortion,BLK-008
my sister is annoying me but i still love her please,0,Non-Abusive,HRD-032
for the last time shut up you brainless fool nobody asked you and i mean it,1,Severe Harassment / Defamation / Hate Speech,HAR-018
you better understand i took pictures of you today without you knowing,1,Cyberstalking / Intimidation,STK-017
you better understand i will destroy your marriage with these pictures foolish girl,1,Blackmail / Non-Consensual Extortion,BLK-021
hi congratulations on passing your defence let me know,0,Non-Abusive,CLN-013
please this is the worst service i have ever received talk soon,0,Non-Abusive,HRD-004
hello did you understand what the lecturer said about pointers,0,Non-Abusive,CLN-006
hey see you at church on sunday talk soon,0,Non-Abusive,CLN-025
i swear to god your days on this earth are numbered you will see,1,Physical Violence / Life Threat,VIO-023
good morning please stop calling me i need some space god bless,0,Non-Abusive,HRD-010
good morning that was a terrible decision and i disagree completely,0,Non-Abusive,HRD-008
hello i reported the theft to the police this morning have a good day,0,Non-Abusive,HRD-016
look here go and die somewhere nobody wants you here and that is final,1,Severe Harassment / Defamation / Hate Speech,HAR-009
i swear to god i saw you at the junction today wearing the blue dress idiot,1,Cyberstalking / Intimidation,STK-001
for the last time your days on this earth are numbered and nobody can save you,1,Physical Violence / Life Threat,VIO-023
stupid girl you are stupid and everyone in class laughs at you,1,Severe Harassment / Defamation / Hate Speech,HAR-002
are we still meeting at the library at four please,0,Non-Abusive,CLN-001
listen to me i will strangle you with my bare hands stupid,1,Physical Violence / Life Threat,VIO-016
i will pay the hostel fees on monday thanks,0,Non-Abusive,CLN-023
idiot i will hurt you so badly you will beg me to stop so watch yourself,1,Physical Violence / Life Threat,VIO-015
idiot meet me tonight or the pictures go public you will see,1,Blackmail / Non-Consensual Extortion,BLK-011
look here you deserve to die alone you filthy animal idiot,1,Severe Harassment / Defamation / Hate Speech,HAR-006
for the last time i will smash your face until your own mother cannot recognise you foolish girl,1,Physical Violence / Life Threat,VIO-010
hey the seminar covered how to preserve digital evidence of threats thanks,0,Non-Abusive,HRD-029
please our lecturer discussed cyberbullying and harassment in class today please,0,Non-Abusive,HRD-020
you are a disgrace to your family and your tribe foolish girl,1,Severe Harassment / Defamation / Hate Speech,HAR-012
hey i am tracking everywhere you go,1,Cyberstalking / Intimidation,STK-009
quick question the boss criticised my presentation quite harshly god bless,0,Non-Abusive,HRD-033
quick question she was crying because she failed her exam talk soon,0,Non-Abusive,HRD-017
hey i do not like him but i would never wish him harm let me know,0,Non-Abusive,HRD-030
she was crying because she failed her exam,0,Non-Abusive,HRD-017
am warning you i will spread the rumour until nobody talks to you again and nobody can save you,1,Severe Harassment / Defamation / Hate Speech,HAR-016
you better understand i know your mother works at the market on fridays stupid,1,Cyberstalking / Intimidation,STK-008
i need to buy a new laptop charger let me know,0,Non-Abusive,CLN-027
by the way please stop calling me i need some space,0,Non-Abusive,HRD-010
i know your mother works at the market on fridays stupid,1,Cyberstalking / Intimidation,STK-008
quick question i reported the theft to the police this morning god bless,0,Non-Abusive,HRD-016
that was a terrible decision and i disagree completely let me know,0,Non-Abusive,HRD-008
hey i will share your private moments with your classmates you will see,1,Blackmail / Non-Consensual Extortion,BLK-017
my sister is annoying me but i still love her talk soon,0,Non-Abusive,HRD-032
i swear to god you are a shameless disgusting creature you will see,1,Severe Harassment / Defamation / Hate Speech,HAR-021
i am telling you i will tag your pastor in the photos if you ignore me and that is final,1,Blackmail / Non-Consensual Extortion,BLK-012
quick question i do not want to be in this relationship anymore have a good day,0,Non-Abusive,HRD-005
just checking in i do not like him but i would never wish him harm,0,Non-Abusive,HRD-030
am warning you you are a dirty liar and a thief so watch yourself,1,Severe Harassment / Defamation / Hate Speech,HAR-017
i swear to god i will slit your throat you useless thing,1,Physical Violence / Life Threat,VIO-004
by the way thank you so much for your help yesterday cheers,0,Non-Abusive,CLN-005
quick question the seminar covered how to preserve digital evidence of threats god bless,0,Non-Abusive,HRD-029
please let me know when you are free to discuss the report,0,Non-Abusive,CLN-018
stupid girl i will slit your throat you useless thing,1,Physical Violence / Life Threat,VIO-004
stupid girl you are trash and you will always be trash foolish girl,1,Severe Harassment / Defamation / Hate Speech,HAR-015
by the way please send me the lecture notes when you get a chance have a good day,0,Non-Abusive,CLN-000
i am uploading your videos to telegram if you do not answer foolish girl,1,Blackmail / Non-Consensual Extortion,BLK-014
you better understand you are the ugliest thing i have ever seen in my life,1,Severe Harassment / Defamation / Hate Speech,HAR-005
hi i am travelling to kumasi this weekend for a wedding ok,0,Non-Abusive,CLN-015
look here you disgust me you worthless piece of trash,1,Severe Harassment / Defamation / Hate Speech,HAR-008
you disgust me you worthless piece of trash and that is final,1,Severe Harassment / Defamation / Hate Speech,HAR-008
please remind me to bring my student id tomorrow,0,Non-Abusive,CLN-011
just checking in i really enjoyed the seminar this morning talk soon,0,Non-Abusive,CLN-012
look here i am coming to your hostel with a knife so watch yourself,1,Physical Violence / Life Threat,VIO-005
look here i am outside your gate right now foolish girl,1,Cyberstalking / Intimidation,STK-004
my supervisor approved my chapter three ok,0,Non-Abusive,CLN-028
idiot your days on this earth are numbered foolish girl,1,Physical Violence / Life Threat,VIO-023
hey my supervisor approved my chapter three cheers,0,Non-Abusive,CLN-028
i will break your neck if you report me foolish girl,1,Physical Violence / Life Threat,VIO-020
please are we still meeting at the library at four have a good day,0,Non-Abusive,CLN-001
you better understand i will never leave you alone until you talk to me you hear me,1,Cyberstalking / Intimidation,STK-011
look here you are worthless and your existence is a mistake,1,Severe Harassment / Defamation / Hate Speech,HAR-019
just checking in please send me the lecture notes when you get a chance,0,Non-Abusive,CLN-000
i need to buy a new laptop charger talk soon,0,Non-Abusive,CLN-027
i will spread the rumour until nobody talks to you again and nobody can save you,1,Severe Harassment / Defamation / Hate Speech,HAR-016
idiot go and die somewhere nobody wants you here,1,Severe Harassment / Defamation / Hate Speech,HAR-009
everyone knows you are a liar and a fraud,1,Severe Harassment / Defamation / Hate Speech,HAR-007
am warning you you deserve to die alone you filthy animal stupid,1,Severe Harassment / Defamation / Hate Speech,HAR-006
you are trash and you will always be trash stupid,1,Severe Harassment / Defamation / Hate Speech,HAR-015
hello the football match starts at eight tonight thanks,0,Non-Abusive,CLN-022
quick question the football match starts at eight tonight ok,0,Non-Abusive,CLN-022
hello are we still meeting at the library at four have a good day,0,Non-Abusive,CLN-001
just checking in she was crying because she failed her exam talk soon,0,Non-Abusive,HRD-017
you better understand your family will receive these videos if you do not reply,1,Blackmail / Non-Consensual Extortion,BLK-008
good morning i am disappointed that you did not tell me the truth cheers,0,Non-Abusive,HRD-002
i need to buy a new laptop charger thanks,0,Non-Abusive,CLN-027
i swear to god everyone in the hall thinks you are a joke foolish girl,1,Severe Harassment / Defamation / Hate Speech,HAR-020
please send me the lecture notes when you get a chance god bless,0,Non-Abusive,CLN-000
quick question i will be a bit late for the group meeting,0,Non-Abusive,CLN-004
i will deal with you until you learn your lesson permanently and nobody can save you,1,Physical Violence / Life Threat,VIO-019
you better understand pay me 2000 cedis by tomorrow or everyone sees your pictures and i mean it,1,Blackmail / Non-Consensual Extortion,BLK-001
the bus to campus leaves at seven thirty,0,Non-Abusive,CLN-014
quick question we are debating whether the death penalty should be abolished have a good day,0,Non-Abusive,HRD-031
let us meet at the department after the quiz ok,0,Non-Abusive,CLN-008
please could you please review my code before i submit,0,Non-Abusive,CLN-016
for the last time prepare your funeral because i am coming stupid,1,Physical Violence / Life Threat,VIO-021
hi could you please review my code before i submit talk soon,0,Non-Abusive,CLN-016
i reported the theft to the police this morning,0,Non-Abusive,HRD-016
hey could you please review my code before i submit thanks,0,Non-Abusive,CLN-016
listen to me i will tag your pastor in the photos if you ignore me and nobody can save you,1,Blackmail / Non-Consensual Extortion,BLK-012
good morning i have submitted my project proposal today thanks,0,Non-Abusive,CLN-009
am warning you one more word and i will finish you completely idiot,1,Physical Violence / Life Threat,VIO-014
please the news said a man was killed in an accident on the highway please,0,Non-Abusive,HRD-018
our lecturer discussed cyberbullying and harassment in class today thanks,0,Non-Abusive,HRD-020
look here i swear i will beat you until you cannot walk again stupid,1,Physical Violence / Life Threat,VIO-002
look here i saved everything and i will share it with your employer so watch yourself,1,Blackmail / Non-Consensual Extortion,BLK-007
please the bus to campus leaves at seven thirty have a good day,0,Non-Abusive,CLN-014
stupid girl you are worthless and your existence is a mistake foolish girl,1,Severe Harassment / Defamation / Hate Speech,HAR-019
hi i have submitted my project proposal today let me know,0,Non-Abusive,CLN-009
by the way could you please review my code before i submit let me know,0,Non-Abusive,CLN-016
idiot everyone knows you are a liar and a fraud and i mean it,1,Severe Harassment / Defamation / Hate Speech,HAR-007
by the way i am frustrated because my code keeps crashing,0,Non-Abusive,HRD-007
stupid girl you are a dead person walking you hear me,1,Physical Violence / Life Threat,VIO-017
listen to me you are a shameless slut who sleeps with everyone foolish girl,1,Severe Harassment / Defamation / Hate Speech,HAR-004
i do not like him but i would never wish him harm god bless,0,Non-Abusive,HRD-030
just checking in i am writing my project on detecting abusive messages online cheers,0,Non-Abusive,HRD-022
hi i think we should stop talking to each other for a while please,0,Non-Abusive,HRD-003
hey let us meet at the department after the quiz,0,Non-Abusive,CLN-008
the news said a man was killed in an accident on the highway thanks,0,Non-Abusive,HRD-018
look here i took pictures of you today without you knowing idiot,1,Cyberstalking / Intimidation,STK-017
could you please review my code before i submit have a good day,0,Non-Abusive,CLN-016
the team lost badly and everyone was upset talk soon,0,Non-Abusive,HRD-034
idiot if you block me i will send your photos to your father foolish girl,1,Blackmail / Non-Consensual Extortion,BLK-003
hello i am upset that my laptop was stolen last night please,0,Non-Abusive,HRD-011
i will be a bit late for the group meeting let me know,0,Non-Abusive,CLN-004
quick question the results will be published next month please,0,Non-Abusive,CLN-029
idiot i will kill you tonight,1,Physical Violence / Life Threat,VIO-000
look here watch your back because i am coming for you,1,Physical Violence / Life Threat,VIO-011
i finished reading chapter two of the textbook ok,0,Non-Abusive,CLN-019
i know where you live and i am watching you,1,Cyberstalking / Intimidation,STK-000
good morning i am tired of always being the one who apologises please,0,Non-Abusive,HRD-014
you better understand i will stab you in front of everyone stupid,1,Physical Violence / Life Threat,VIO-024
i reported the theft to the police this morning talk soon,0,Non-Abusive,HRD-016
hey you disgust me you worthless piece of trash,1,Severe Harassment / Defamation / Hate Speech,HAR-008
i am telling you shut up you brainless fool nobody asked you,1,Severe Harassment / Defamation / Hate Speech,HAR-018
i will tag your pastor in the photos if you ignore me and i mean it,1,Blackmail / Non-Consensual Extortion,BLK-012
you should just kill yourself and save everyone the trouble and i mean it,1,Severe Harassment / Defamation / Hate Speech,HAR-003
i am telling you you are a disgrace to your family and your tribe you hear me,1,Severe Harassment / Defamation / Hate Speech,HAR-012
hey i will be a bit late for the group meeting let me know,0,Non-Abusive,CLN-004
am warning you i will tell everyone what a cheap girl you are you hear me,1,Severe Harassment / Defamation / Hate Speech,HAR-011
hey i have submitted my project proposal today talk soon,0,Non-Abusive,CLN-009
the counsellor gave a talk about domestic violence awareness let me know,0,Non-Abusive,HRD-023
am warning you i will tag your pastor in the photos if you ignore me,1,Blackmail / Non-Consensual Extortion,BLK-012
i am telling you pay me 2000 cedis by tomorrow or everyone sees your pictures you will see,1,Blackmail / Non-Consensual Extortion,BLK-001
i am studying criminal law including offences against the person please,0,Non-Abusive,HRD-019
i am telling you i have your new number even after you changed it and i mean it,1,Cyberstalking / Intimidation,STK-006
i need to buy a new laptop charger please,0,Non-Abusive,CLN-027
just checking in my sister is annoying me but i still love her please,0,Non-Abusive,HRD-032
just checking in you hurt my feelings when you said that in front of everyone thanks,0,Non-Abusive,HRD-006
hello i reported the theft to the police this morning cheers,0,Non-Abusive,HRD-016
listen to me transfer the money now or i publish everything tonight stupid,1,Blackmail / Non-Consensual Extortion,BLK-018
i swear to god i will expose your private pictures to the whole campus and i mean it,1,Blackmail / Non-Consensual Extortion,BLK-005
we are debating whether the death penalty should be abolished cheers,0,Non-Abusive,HRD-031
idiot you are worthless and your existence is a mistake idiot,1,Severe Harassment / Defamation / Hate Speech,HAR-019
hi i am writing my project on detecting abusive messages online,0,Non-Abusive,HRD-022
you better understand i will pour acid on your face and i mean it,1,Physical Violence / Life Threat,VIO-018
look here you will pay me every month or i keep posting stupid,1,Blackmail / Non-Consensual Extortion,BLK-013
nobody respects you because you are a common prostitute so watch yourself,1,Severe Harassment / Defamation / Hate Speech,HAR-014
you better understand i will tag your pastor in the photos if you ignore me,1,Blackmail / Non-Consensual Extortion,BLK-012
for the last time prepare your funeral because i am coming foolish girl,1,Physical Violence / Life Threat,VIO-021
i will burn your house down with you inside you hear me,1,Physical Violence / Life Threat,VIO-007
please i am tired of always being the one who apologises thanks,0,Non-Abusive,HRD-014
good morning the bus to campus leaves at seven thirty let me know,0,Non-Abusive,CLN-014
i swear to god i will find you no matter how many times you block me idiot,1,Cyberstalking / Intimidation,STK-007
stupid girl i will destroy you and everyone in your family so watch yourself,1,Physical Violence / Life Threat,VIO-022
you better understand cooperate with me or i will ruin your reputation forever and i mean it,1,Blackmail / Non-Consensual Extortion,BLK-006
please let me know when you are free to discuss the report let me know,0,Non-Abusive,CLN-018
we had a serious argument and i said things i regret god bless,0,Non-Abusive,HRD-013
quick question i am tired of always being the one who apologises thanks,0,Non-Abusive,HRD-014
for the last time i will find you no matter how many times you block me,1,Cyberstalking / Intimidation,STK-007
that was a terrible decision and i disagree completely talk soon,0,Non-Abusive,HRD-008
just checking in i am travelling to kumasi this weekend for a wedding,0,Non-Abusive,CLN-015
listen to me i am coming to your hostel with a knife you will see,1,Physical Violence / Life Threat,VIO-005
hey i am frustrated because my code keeps crashing,0,Non-Abusive,HRD-007
stupid girl i have been watching your hostel window every night you hear me,1,Cyberstalking / Intimidation,STK-012
am warning you you are a stupid idiot who cannot do anything right and nobody can save you,1,Severe Harassment / Defamation / Hate Speech,HAR-010
hey you are a shameless disgusting creature stupid,1,Severe Harassment / Defamation / Hate Speech,HAR-021
for the last time cooperate with me or i will ruin your reputation forever so watch yourself,1,Blackmail / Non-Consensual Extortion,BLK-006
i am really angry about how the meeting went today talk soon,0,Non-Abusive,HRD-000
i have submitted my project proposal today,0,Non-Abusive,CLN-009
transfer the money now or i publish everything tonight you hear me,1,Blackmail / Non-Consensual Extortion,BLK-018
please stop calling me i need some space thanks,0,Non-Abusive,HRD-010
the horror movie had a scene where someone gets stabbed god bless,0,Non-Abusive,HRD-024
you better understand everyone in the hall thinks you are a joke idiot,1,Severe Harassment / Defamation / Hate Speech,HAR-020
hey i am upset that my laptop was stolen last night have a good day,0,Non-Abusive,HRD-011
happy birthday i hope you have a wonderful day ok,0,Non-Abusive,CLN-002
i am telling you i am tracking everywhere you go so watch yourself,1,Cyberstalking / Intimidation,STK-009
the assignment deadline was moved to next friday have a good day,0,Non-Abusive,CLN-003
please i am studying criminal law including offences against the person cheers,0,Non-Abusive,HRD-019
for the last time you are a disgrace to your family and your tribe,1,Severe Harassment / Defamation / Hate Speech,HAR-012
by the way the football match starts at eight tonight cheers,0,Non-Abusive,CLN-022
everyone knows you are a liar and a fraud and that is final,1,Severe Harassment / Defamation / Hate Speech,HAR-007
hi the printer in the office is out of toner,0,Non-Abusive,CLN-026
by the way happy birthday i hope you have a wonderful day,0,Non-Abusive,CLN-002
just checking in i am upset that my laptop was stolen last night let me know,0,Non-Abusive,HRD-011
i swear to god nobody respects you because you are a common prostitute,1,Severe Harassment / Defamation / Hate Speech,HAR-014
just checking in i am tired of always being the one who apologises god bless,0,Non-Abusive,HRD-014
stupid girl you will regret being born when i get my hands on you and that is final,1,Physical Violence / Life Threat,VIO-012
idiot everyone in the hall thinks you are a joke so watch yourself,1,Severe Harassment / Defamation / Hate Speech,HAR-020
hey nobody respects you because you are a common prostitute so watch yourself,1,Severe Harassment / Defamation / Hate Speech,HAR-014
stupid girl you should just kill yourself and save everyone the trouble idiot,1,Severe Harassment / Defamation / Hate Speech,HAR-003
for the last time i am uploading your videos to telegram if you do not answer,1,Blackmail / Non-Consensual Extortion,BLK-014
one more word and i will finish you completely,1,Physical Violence / Life Threat,VIO-014
i will post your private chats on facebook for everyone to read foolish girl,1,Blackmail / Non-Consensual Extortion,BLK-009
by the way i need to buy a new laptop charger ok,0,Non-Abusive,CLN-027
listen to me you cannot hide from me anywhere in this country,1,Cyberstalking / Intimidation,STK-003
hey one more word and i will finish you completely and nobody can save you,1,Physical Violence / Life Threat,VIO-014
hello we should start revising for the mid semester exams please,0,Non-Abusive,CLN-020
hello she was crying because she failed her exam talk soon,0,Non-Abusive,HRD-017
please report any suspicious person watching the hostel god bless,0,Non-Abusive,HRD-028
i know your mother works at the market on fridays you hear me,1,Cyberstalking / Intimidation,STK-008
listen to me i will pour acid on your face and that is final,1,Physical Violence / Life Threat,VIO-018
for the last time you are a dirty liar and a thief you will see,1,Severe Harassment / Defamation / Hate Speech,HAR-017
you better understand i will expose your private pictures to the whole campus you will see,1,Blackmail / Non-Consensual Extortion,BLK-005
hi i am frustrated because my code keeps crashing have a good day,0,Non-Abusive,HRD-007
please i finished reading chapter two of the textbook please,0,Non-Abusive,CLN-019
are we still meeting at the library at four talk soon,0,Non-Abusive,CLN-001
by the way congratulations on passing your defence let me know,0,Non-Abusive,CLN-013
quick question i reported the theft to the police this morning cheers,0,Non-Abusive,HRD-016
hello could you please review my code before i submit have a good day,0,Non-Abusive,CLN-016
by the way i deleted the game because it was too aggressive thanks,0,Non-Abusive,HRD-025
by the way the printer in the office is out of toner thanks,0,Non-Abusive,CLN-026
just checking in i am travelling to kumasi this weekend for a wedding let me know,0,Non-Abusive,CLN-015
listen to me you are going to die and nobody will find your body,1,Physical Violence / Life Threat,VIO-001
you are a dirty liar and a thief and nobody can save you,1,Severe Harassment / Defamation / Hate Speech,HAR-017
hi my sister is annoying me but i still love her let me know,0,Non-Abusive,HRD-032
hey let me know when you are free to discuss the report,0,Non-Abusive,CLN-018
i am telling you everyone in the hall thinks you are a joke and i mean it,1,Severe Harassment / Defamation / Hate Speech,HAR-020
just checking in the team lost badly and everyone was upset ok,0,Non-Abusive,HRD-034
go and die somewhere nobody wants you here and that is final,1,Severe Harassment / Defamation / Hate Speech,HAR-009
if you block me i will send your photos to your father and that is final,1,Blackmail / Non-Consensual Extortion,BLK-003
good morning did you understand what the lecturer said about pointers ok,0,Non-Abusive,CLN-006
hey i need to buy a new laptop charger cheers,0,Non-Abusive,CLN-027
you are going to die and nobody will find your body foolish girl,1,Physical Violence / Life Threat,VIO-001
i swear to god i will break your neck if you report me so watch yourself,1,Physical Violence / Life Threat,VIO-020
i will share your private moments with your classmates foolish girl,1,Blackmail / Non-Consensual Extortion,BLK-017
i am travelling to kumasi this weekend for a wedding ok,0,Non-Abusive,CLN-015
i will destroy you and everyone in your family and nobody can save you,1,Physical Violence / Life Threat,VIO-022
look here everyone knows you are a liar and a fraud foolish girl,1,Severe Harassment / Defamation / Hate Speech,HAR-007
hello i will pay the hostel fees on monday ok,0,Non-Abusive,CLN-023
stupid girl you are a disgrace to your family and your tribe and nobody can save you,1,Severe Harassment / Defamation / Hate Speech,HAR-012
listen to me you are stupid and everyone in class laughs at you stupid,1,Severe Harassment / Defamation / Hate Speech,HAR-002
you better understand you changed your route today but i still saw you stupid,1,Cyberstalking / Intimidation,STK-010
hey you are a dead person walking,1,Physical Violence / Life Threat,VIO-017
i swear to god i will stab you in front of everyone and i mean it,1,Physical Violence / Life Threat,VIO-024
good morning hope you slept well have a good day,0,Non-Abusive,CLN-024
i am telling you i will smash your face until your own mother cannot recognise you you will see,1,Physical Violence / Life Threat,VIO-010
good morning the bus to campus leaves at seven thirty cheers,0,Non-Abusive,CLN-014
hey i will make sure you end up in the grave stupid,1,Physical Violence / Life Threat,VIO-013
i swear to god shut up you brainless fool nobody asked you stupid,1,Severe Harassment / Defamation / Hate Speech,HAR-018
please i am travelling to kumasi this weekend for a wedding,0,Non-Abusive,CLN-015
i am tired of always being the one who apologises please,0,Non-Abusive,HRD-014
hey she was crying because she failed her exam let me know,0,Non-Abusive,HRD-017
stupid girl i will tag your pastor in the photos if you ignore me stupid,1,Blackmail / Non-Consensual Extortion,BLK-012
listen to me i will deal with you until you learn your lesson permanently and nobody can save you,1,Physical Violence / Life Threat,VIO-019
for the last time i know which trotro you take every morning foolish girl,1,Cyberstalking / Intimidation,STK-013
for the last time i am outside your gate right now,1,Cyberstalking / Intimidation,STK-004
i am counting the hours until i see you in person stupid,1,Cyberstalking / Intimidation,STK-016
stupid girl i have screenshots of everything and i will use them against you you hear me,1,Blackmail / Non-Consensual Extortion,BLK-019
please the horror movie had a scene where someone gets stabbed,0,Non-Abusive,HRD-024
i am telling you i will smash your face until your own mother cannot recognise you so watch yourself,1,Physical Violence / Life Threat,VIO-010
listen to me when i catch you i will break your legs,1,Physical Violence / Life Threat,VIO-003
i will burn your house down with you inside so watch yourself,1,Physical Violence / Life Threat,VIO-007
listen to me i will spread the rumour until nobody talks to you again idiot,1,Severe Harassment / Defamation / Hate Speech,HAR-016
hello congratulations on passing your defence ok,0,Non-Abusive,CLN-013
hey i finished reading chapter two of the textbook talk soon,0,Non-Abusive,CLN-019
i will slit your throat you useless thing,1,Physical Violence / Life Threat,VIO-004
by the way the film was violent and disturbing and i did not enjoy it talk soon,0,Non-Abusive,HRD-012
everyone in the hall thinks you are a joke you will see,1,Severe Harassment / Defamation / Hate Speech,HAR-020
i will stab you in front of everyone and that is final,1,Physical Violence / Life Threat,VIO-024
quick question the wifi in the lab is very slow today thanks,0,Non-Abusive,CLN-017
send me money or i will leak your nudes and nobody can save you,1,Blackmail / Non-Consensual Extortion,BLK-000
am warning you i will share your private moments with your classmates stupid,1,Blackmail / Non-Consensual Extortion,BLK-017
hello good morning hope you slept well,0,Non-Abusive,CLN-024
by the way the wifi in the lab is very slow today talk soon,0,Non-Abusive,CLN-017
hi the printer in the office is out of toner have a good day,0,Non-Abusive,CLN-026
idiot you should just kill yourself and save everyone the trouble so watch yourself,1,Severe Harassment / Defamation / Hate Speech,HAR-003
hello he shouted at the referee during the match cheers,0,Non-Abusive,HRD-026
hey i will never leave you alone until you talk to me and nobody can save you,1,Cyberstalking / Intimidation,STK-011
quick question thank you so much for your help yesterday talk soon,0,Non-Abusive,CLN-005
for the last time you changed your route today but i still saw you and that is final,1,Cyberstalking / Intimidation,STK-010
by the way the horror movie had a scene where someone gets stabbed god bless,0,Non-Abusive,HRD-024
please the exam timetable has been released on the portal please,0,Non-Abusive,CLN-010
i swear to god i will destroy you and everyone in your family you will see,1,Physical Violence / Life Threat,VIO-022
hey send me money or i will leak your nudes and that is final,1,Blackmail / Non-Consensual Extortion,BLK-000
am warning you i am tracking everywhere you go stupid,1,Cyberstalking / Intimidation,STK-009
i am telling you you will regret being born when i get my hands on you and nobody can save you,1,Physical Violence / Life Threat,VIO-012
good morning i am writing my project on detecting abusive messages online please,0,Non-Abusive,HRD-022
just checking in i deleted the game because it was too aggressive,0,Non-Abusive,HRD-025
see you at church on sunday let me know,0,Non-Abusive,CLN-025
hi the results will be published next month thanks,0,Non-Abusive,CLN-029
hello i am upset that my laptop was stolen last night talk soon,0,Non-Abusive,HRD-011
just checking in the bus to campus leaves at seven thirty thanks,0,Non-Abusive,CLN-014
please the results will be published next month,0,Non-Abusive,CLN-029
hey i am really angry about how the meeting went today please,0,Non-Abusive,HRD-000
by the way i really enjoyed the seminar this morning have a good day,0,Non-Abusive,CLN-012
quick question the film was violent and disturbing and i did not enjoy it cheers,0,Non-Abusive,HRD-012
listen to me keep talking and i will bury you myself stupid,1,Physical Violence / Life Threat,VIO-009
you can run but i will always know where you are and that is final,1,Cyberstalking / Intimidation,STK-014
listen to me i will expose your private pictures to the whole campus you hear me,1,Blackmail / Non-Consensual Extortion,BLK-005
i am telling you i know which trotro you take every morning foolish girl,1,Cyberstalking / Intimidation,STK-013
just checking in i have submitted my project proposal today talk soon,0,Non-Abusive,CLN-009
i swear to god i have been watching your hostel window every night and nobody can save you,1,Cyberstalking / Intimidation,STK-012
idiot go and die somewhere nobody wants you here idiot,1,Severe Harassment / Defamation / Hate Speech,HAR-009
just checking in i do not want to be in this relationship anymore,0,Non-Abusive,HRD-005
good morning this is the worst service i have ever received god bless,0,Non-Abusive,HRD-004
hey my supervisor approved my chapter three thanks,0,Non-Abusive,CLN-028
you better understand go and die somewhere nobody wants you here you will see,1,Severe Harassment / Defamation / Hate Speech,HAR-009
for the last time i will destroy you and everyone in your family,1,Physical Violence / Life Threat,VIO-022
listen to me meet me tonight or the pictures go public,1,Blackmail / Non-Consensual Extortion,BLK-011
did you understand what the lecturer said about pointers please,0,Non-Abusive,CLN-006
i will never leave you alone until you talk to me stupid,1,Cyberstalking / Intimidation,STK-011
quick question i am travelling to kumasi this weekend for a wedding,0,Non-Abusive,CLN-015
hey the article explains how victims of blackmail can get help cheers,0,Non-Abusive,HRD-021
please please stop calling me i need some space let me know,0,Non-Abusive,HRD-010
cooperate with me or i will ruin your reputation forever idiot,1,Blackmail / Non-Consensual Extortion,BLK-006
hello i finished reading chapter two of the textbook let me know,0,Non-Abusive,CLN-019
good morning the wifi in the lab is very slow today have a good day,0,Non-Abusive,CLN-017
you better understand you will regret being born when i get my hands on you and nobody can save you,1,Physical Violence / Life Threat,VIO-012
good morning the team lost badly and everyone was upset,0,Non-Abusive,HRD-034
i will show up wherever you are until you respond you will see,1,Cyberstalking / Intimidation,STK-019
deny me again and your whole family sees the video,1,Blackmail / Non-Consensual Extortion,BLK-020
just checking in congratulations on passing your defence let me know,0,Non-Abusive,CLN-013
good morning i do not like him but i would never wish him harm god bless,0,Non-Abusive,HRD-030
can you send me the link to the recording talk soon,0,Non-Abusive,CLN-007
for the last time i will post your private chats on facebook for everyone to read,1,Blackmail / Non-Consensual Extortion,BLK-009
for the last time prepare your funeral because i am coming idiot,1,Physical Violence / Life Threat,VIO-021
i swear to god i saved everything and i will share it with your employer you will see,1,Blackmail / Non-Consensual Extortion,BLK-007
hey pay me 2000 cedis by tomorrow or everyone sees your pictures stupid,1,Blackmail / Non-Consensual Extortion,BLK-001
hello the football match starts at eight tonight talk soon,0,Non-Abusive,CLN-022
thank you so much for your help yesterday talk soon,0,Non-Abusive,CLN-005
hey cooperate with me or i will ruin your reputation forever and i mean it,1,Blackmail / Non-Consensual Extortion,BLK-006
prepare your funeral because i am coming idiot,1,Physical Violence / Life Threat,VIO-021
look here i will pour acid on your face and i mean it,1,Physical Violence / Life Threat,VIO-018
the assignment deadline was moved to next friday talk soon,0,Non-Abusive,CLN-003
hi please stop calling me i need some space let me know,0,Non-Abusive,HRD-010
please this is the worst service i have ever received,0,Non-Abusive,HRD-004
hello i am upset that my laptop was stolen last night,0,Non-Abusive,HRD-011
you should just kill yourself and save everyone the trouble,1,Severe Harassment / Defamation / Hate Speech,HAR-003
can you send me the link to the recording please,0,Non-Abusive,CLN-007
quick question the printer in the office is out of toner ok,0,Non-Abusive,CLN-026
please the team lost badly and everyone was upset thanks,0,Non-Abusive,HRD-034
look here you are a dirty liar and a thief idiot,1,Severe Harassment / Defamation / Hate Speech,HAR-017
hey thank you so much for your help yesterday cheers,0,Non-Abusive,CLN-005
am warning you your days on this earth are numbered you will see,1,Physical Violence / Life Threat,VIO-023
i deleted the game because it was too aggressive let me know,0,Non-Abusive,HRD-025
hey you will not see the end of this week alive and that is final,1,Physical Violence / Life Threat,VIO-006
listen to me send more pictures or i release the ones i already have and i mean it,1,Blackmail / Non-Consensual Extortion,BLK-010
quick question the team lost badly and everyone was upset please,0,Non-Abusive,HRD-034
by the way the team lost badly and everyone was upset,0,Non-Abusive,HRD-034
you better understand i will deal with you until you learn your lesson permanently and that is final,1,Physical Violence / Life Threat,VIO-019
hey you are going to die and nobody will find your body,1,Physical Violence / Life Threat,VIO-001
hey you will pay me every month or i keep posting,1,Blackmail / Non-Consensual Extortion,BLK-013
just checking in the news said a man was killed in an accident on the highway,0,Non-Abusive,HRD-018
hey the results will be published next month have a good day,0,Non-Abusive,CLN-029
please see you at church on sunday have a good day,0,Non-Abusive,CLN-025
you better understand you are trash and you will always be trash,1,Severe Harassment / Defamation / Hate Speech,HAR-015
hey pay me 2000 cedis by tomorrow or everyone sees your pictures and nobody can save you,1,Blackmail / Non-Consensual Extortion,BLK-001
cooperate with me or i will ruin your reputation forever,1,Blackmail / Non-Consensual Extortion,BLK-006
hey this is the worst service i have ever received talk soon,0,Non-Abusive,HRD-004
listen to me you are a shameless disgusting creature,1,Severe Harassment / Defamation / Hate Speech,HAR-021
hey you are a stupid idiot who cannot do anything right you hear me,1,Severe Harassment / Defamation / Hate Speech,HAR-010
hey the seminar covered how to preserve digital evidence of threats god bless,0,Non-Abusive,HRD-029
good morning could you please review my code before i submit,0,Non-Abusive,CLN-016
i swear to god you are a disgrace to your family and your tribe and nobody can save you,1,Severe Harassment / Defamation / Hate Speech,HAR-012
by the way can you send me the link to the recording,0,Non-Abusive,CLN-007
by the way i am travelling to kumasi this weekend for a wedding please,0,Non-Abusive,CLN-015
by the way let us meet at the department after the quiz god bless,0,Non-Abusive,CLN-008
hi happy birthday i hope you have a wonderful day have a good day,0,Non-Abusive,CLN-002
i will stab you in front of everyone,1,Physical Violence / Life Threat,VIO-024
please the wifi in the lab is very slow today,0,Non-Abusive,CLN-017
hi i will pay the hostel fees on monday ok,0,Non-Abusive,CLN-023
hello can you send me the link to the recording thanks,0,Non-Abusive,CLN-007
are we still meeting at the library at four let me know,0,Non-Abusive,CLN-001
please i am tired of always being the one who apologises please,0,Non-Abusive,HRD-014
hey can you send me the link to the recording thanks,0,Non-Abusive,CLN-007
good morning i am really angry about how the meeting went today please,0,Non-Abusive,HRD-000
by the way the article explains how victims of blackmail can get help god bless,0,Non-Abusive,HRD-021
you better understand send me money or i will leak your nudes,1,Blackmail / Non-Consensual Extortion,BLK-000
i am telling you i will smash your face until your own mother cannot recognise you stupid,1,Physical Violence / Life Threat,VIO-010
you are a shameless slut who sleeps with everyone you hear me,1,Severe Harassment / Defamation / Hate Speech,HAR-004
look here i will make sure you end up in the grave and nobody can save you,1,Physical Violence / Life Threat,VIO-013
idiot everyone in the hall thinks you are a joke foolish girl,1,Severe Harassment / Defamation / Hate Speech,HAR-020
stupid girl i will never leave you alone until you talk to me,1,Cyberstalking / Intimidation,STK-011
hey i will slit your throat you useless thing and nobody can save you,1,Physical Violence / Life Threat,VIO-004
you better understand you cannot hide from me anywhere in this country you will see,1,Cyberstalking / Intimidation,STK-003
hello the film was violent and disturbing and i did not enjoy it god bless,0,Non-Abusive,HRD-012
the wifi in the lab is very slow today thanks,0,Non-Abusive,CLN-017
just checking in please confirm whether you received my email god bless,0,Non-Abusive,CLN-021
i am telling you i will destroy your marriage with these pictures so watch yourself,1,Blackmail / Non-Consensual Extortion,BLK-021
listen to me you should just kill yourself and save everyone the trouble stupid,1,Severe Harassment / Defamation / Hate Speech,HAR-003
i will destroy your marriage with these pictures and nobody can save you,1,Blackmail / Non-Consensual Extortion,BLK-021
hey i will post your private chats on facebook for everyone to read and that is final,1,Blackmail / Non-Consensual Extortion,BLK-009
i know where you live and i am watching you and that is final,1,Cyberstalking / Intimidation,STK-000
please the football match starts at eight tonight ok,0,Non-Abusive,CLN-022
for the last time prepare your funeral because i am coming and that is final,1,Physical Violence / Life Threat,VIO-021
please confirm whether you received my email god bless,0,Non-Abusive,CLN-021
hey i will be a bit late for the group meeting have a good day,0,Non-Abusive,CLN-004
i will share your private moments with your classmates and that is final,1,Blackmail / Non-Consensual Extortion,BLK-017
just checking in the counsellor gave a talk about domestic violence awareness have a good day,0,Non-Abusive,HRD-023
idiot keep talking and i will bury you myself so watch yourself,1,Physical Violence / Life Threat,VIO-009
i swear to god i have been watching your hostel window every night,1,Cyberstalking / Intimidation,STK-012
for the last time i will destroy you and everyone in your family and nobody can save you,1,Physical Violence / Life Threat,VIO-022
am warning you you deserve to die alone you filthy animal and i mean it,1,Severe Harassment / Defamation / Hate Speech,HAR-006
hi the horror movie had a scene where someone gets stabbed god bless,0,Non-Abusive,HRD-024
you better understand you are trash and you will always be trash so watch yourself,1,Severe Harassment / Defamation / Hate Speech,HAR-015
hey our lecturer discussed cyberbullying and harassment in class today,0,Non-Abusive,HRD-020
good morning that was a terrible decision and i disagree completely let me know,0,Non-Abusive,HRD-008
hi the exam timetable has been released on the portal,0,Non-Abusive,CLN-010
i will expose your private pictures to the whole campus so watch yourself,1,Blackmail / Non-Consensual Extortion,BLK-005
i will pay the hostel fees on monday talk soon,0,Non-Abusive,CLN-023
i am telling you i will kill you tonight so watch yourself,1,Physical Violence / Life Threat,VIO-000
please she was crying because she failed her exam,0,Non-Abusive,HRD-017
idiot i will destroy your marriage with these pictures so watch yourself,1,Blackmail / Non-Consensual Extortion,BLK-021
stupid girl i will break your neck if you report me,1,Physical Violence / Life Threat,VIO-020
deny me again and your whole family sees the video idiot,1,Blackmail / Non-Consensual Extortion,BLK-020
you will not see the end of this week alive and i mean it,1,Physical Violence / Life Threat,VIO-006
you better understand you are worthless and your existence is a mistake and nobody can save you,1,Severe Harassment / Defamation / Hate Speech,HAR-019
listen to me you will not see the end of this week alive,1,Physical Violence / Life Threat,VIO-006
am warning you i saw you at the junction today wearing the blue dress so watch yourself,1,Cyberstalking / Intimidation,STK-001
you better understand deny me again and your whole family sees the video and i mean it,1,Blackmail / Non-Consensual Extortion,BLK-020
stupid girl nobody will ever love a disgusting pig like you you will see,1,Severe Harassment / Defamation / Hate Speech,HAR-001
just checking in the printer in the office is out of toner please,0,Non-Abusive,CLN-026
just checking in please confirm whether you received my email let me know,0,Non-Abusive,CLN-021
by the way our lecturer discussed cyberbullying and harassment in class today have a good day,0,Non-Abusive,HRD-020
hi i really enjoyed the seminar this morning let me know,0,Non-Abusive,CLN-012
quick question can you send me the link to the recording have a good day,0,Non-Abusive,CLN-007
for the last time i will never leave you alone until you talk to me idiot,1,Cyberstalking / Intimidation,STK-011
idiot you deserve to die alone you filthy animal,1,Severe Harassment / Defamation / Hate Speech,HAR-006
idiot transfer the money now or i publish everything tonight and i mean it,1,Blackmail / Non-Consensual Extortion,BLK-018
transfer the money now or i publish everything tonight,1,Blackmail / Non-Consensual Extortion,BLK-018
good morning hope you slept well,0,Non-Abusive,CLN-024
i swear to god i know your mother works at the market on fridays you hear me,1,Cyberstalking / Intimidation,STK-008
your scholarship will be gone when they see what i have and i mean it,1,Blackmail / Non-Consensual Extortion,BLK-015
for the last time i will smash your face until your own mother cannot recognise you,1,Physical Violence / Life Threat,VIO-010
hi i am really angry about how the meeting went today let me know,0,Non-Abusive,HRD-000
for the last time transfer the money now or i publish everything tonight stupid,1,Blackmail / Non-Consensual Extortion,BLK-018
good morning the results will be published next month,0,Non-Abusive,CLN-029
am warning you i saw you at the junction today wearing the blue dress stupid,1,Cyberstalking / Intimidation,STK-001
hey i will deal with you until you learn your lesson permanently and i mean it,1,Physical Violence / Life Threat,VIO-019
i am coming to your hostel with a knife stupid,1,Physical Violence / Life Threat,VIO-005
hey we should start revising for the mid semester exams thanks,0,Non-Abusive,CLN-020
hi the boss criticised my presentation quite harshly ok,0,Non-Abusive,HRD-033
hi i have submitted my project proposal today cheers,0,Non-Abusive,CLN-009
for the last time i saw you at the junction today wearing the blue dress,1,Cyberstalking / Intimidation,STK-001
you are a dead person walking,1,Physical Violence / Life Threat,VIO-017
i am uploading your videos to telegram if you do not answer and i mean it,1,Blackmail / Non-Consensual Extortion,BLK-014
hey let us meet at the department after the quiz thanks,0,Non-Abusive,CLN-008
hey nobody will ever love a disgusting pig like you you hear me,1,Severe Harassment / Defamation / Hate Speech,HAR-001
stupid girl deny me again and your whole family sees the video stupid,1,Blackmail / Non-Consensual Extortion,BLK-020
hey we had a serious argument and i said things i regret talk soon,0,Non-Abusive,HRD-013
please happy birthday i hope you have a wonderful day,0,Non-Abusive,CLN-002
you will regret being born when i get my hands on you,1,Physical Violence / Life Threat,VIO-012
please let me know when you are free to discuss the report have a good day,0,Non-Abusive,CLN-018
look here send me money or i will leak your nudes you will see,1,Blackmail / Non-Consensual Extortion,BLK-000
good morning this is the worst service i have ever received please,0,Non-Abusive,HRD-004
please the assignment deadline was moved to next friday have a good day,0,Non-Abusive,CLN-003
by the way he shouted at the referee during the match cheers,0,Non-Abusive,HRD-026
stupid girl you are worthless and your existence is a mistake you will see,1,Severe Harassment / Defamation / Hate Speech,HAR-019
hi i deleted the game because it was too aggressive let me know,0,Non-Abusive,HRD-025
look here your scholarship will be gone when they see what i have,1,Blackmail / Non-Consensual Extortion,BLK-015
idiot you cannot hide from me anywhere in this country you will see,1,Cyberstalking / Intimidation,STK-003
listen to me i will spread the rumour until nobody talks to you again and i mean it,1,Severe Harassment / Defamation / Hate Speech,HAR-016
look here i still have the videos and i will post them online you will see,1,Blackmail / Non-Consensual Extortion,BLK-002
am warning you you will pay me every month or i keep posting you hear me,1,Blackmail / Non-Consensual Extortion,BLK-013
good morning i am upset that my laptop was stolen last night let me know,0,Non-Abusive,HRD-011
stupid girl you are a shameless disgusting creature you will see,1,Severe Harassment / Defamation / Hate Speech,HAR-021
please let us meet at the department after the quiz,0,Non-Abusive,CLN-008
idiot i will show up wherever you are until you respond,1,Cyberstalking / Intimidation,STK-019
listen to me keep talking and i will bury you myself foolish girl,1,Physical Violence / Life Threat,VIO-009
hello the team lost badly and everyone was upset god bless,0,Non-Abusive,HRD-034
look here you changed your route today but i still saw you so watch yourself,1,Cyberstalking / Intimidation,STK-010
hi happy birthday i hope you have a wonderful day,0,Non-Abusive,CLN-002
good morning please remind me to bring my student id tomorrow talk soon,0,Non-Abusive,CLN-011
hey please confirm whether you received my email please,0,Non-Abusive,CLN-021
i have been watching your hostel window every night so watch yourself,1,Cyberstalking / Intimidation,STK-012
stupid girl you are a disgrace to your family and your tribe so watch yourself,1,Severe Harassment / Defamation / Hate Speech,HAR-012
stupid girl i will kill you tonight,1,Physical Violence / Life Threat,VIO-000
by the way i am tired of always being the one who apologises ok,0,Non-Abusive,HRD-014
i know which trotro you take every morning and nobody can save you,1,Cyberstalking / Intimidation,STK-013
you are mentally retarded and should not be in university you hear me,1,Severe Harassment / Defamation / Hate Speech,HAR-013
please the printer in the office is out of toner please,0,Non-Abusive,CLN-026
good morning i am really angry about how the meeting went today talk soon,0,Non-Abusive,HRD-000
congratulations on passing your defence cheers,0,Non-Abusive,CLN-013
hey give me what i want or your whole church will see these images,1,Blackmail / Non-Consensual Extortion,BLK-004
hey please send me the lecture notes when you get a chance,0,Non-Abusive,CLN-000
i swear to god prepare your funeral because i am coming and i mean it,1,Physical Violence / Life Threat,VIO-021
the film was violent and disturbing and i did not enjoy it please,0,Non-Abusive,HRD-012
stupid girl i will hurt you so badly you will beg me to stop and nobody can save you,1,Physical Violence / Life Threat,VIO-015
just checking in we are debating whether the death penalty should be abolished ok,0,Non-Abusive,HRD-031
am warning you pay me 2000 cedis by tomorrow or everyone sees your pictures so watch yourself,1,Blackmail / Non-Consensual Extortion,BLK-001
stupid girl i will destroy your marriage with these pictures idiot,1,Blackmail / Non-Consensual Extortion,BLK-021
please i need to buy a new laptop charger talk soon,0,Non-Abusive,CLN-027
quick question let us meet at the department after the quiz let me know,0,Non-Abusive,CLN-008
am warning you give me what i want or your whole church will see these images,1,Blackmail / Non-Consensual Extortion,BLK-004
i am telling you transfer the money now or i publish everything tonight and i mean it,1,Blackmail / Non-Consensual Extortion,BLK-018
for the last time send me money or i will leak your nudes foolish girl,1,Blackmail / Non-Consensual Extortion,BLK-000
hey my landlord is threatening to increase the rent again talk soon,0,Non-Abusive,HRD-015
i am telling you i will break your neck if you report me and i mean it,1,Physical Violence / Life Threat,VIO-020
i swear to god i will tag your pastor in the photos if you ignore me you hear me,1,Blackmail / Non-Consensual Extortion,BLK-012
quick question i am tired of always being the one who apologises have a good day,0,Non-Abusive,HRD-014
hey congratulations on passing your defence have a good day,0,Non-Abusive,CLN-013
hello i am frustrated because my code keeps crashing cheers,0,Non-Abusive,HRD-007
i am telling you i have screenshots of everything and i will use them against you so watch yourself,1,Blackmail / Non-Consensual Extortion,BLK-019
am warning you you cannot hide from me anywhere in this country and i mean it,1,Cyberstalking / Intimidation,STK-003
for the last time you changed your route today but i still saw you foolish girl,1,Cyberstalking / Intimidation,STK-010
cooperate with me or i will ruin your reputation forever foolish girl,1,Blackmail / Non-Consensual Extortion,BLK-006
idiot cooperate with me or i will ruin your reputation forever and that is final,1,Blackmail / Non-Consensual Extortion,BLK-006
give me what i want or your whole church will see these images,1,Blackmail / Non-Consensual Extortion,BLK-004
idiot i will kill you tonight you will see,1,Physical Violence / Life Threat,VIO-000
please congratulations on passing your defence thanks,0,Non-Abusive,CLN-013
hey i still have the videos and i will post them online foolish girl,1,Blackmail / Non-Consensual Extortion,BLK-002
stupid girl cooperate with me or i will ruin your reputation forever idiot,1,Blackmail / Non-Consensual Extortion,BLK-006
i will expose your private pictures to the whole campus idiot,1,Blackmail / Non-Consensual Extortion,BLK-005
hi please report any suspicious person watching the hostel ok,0,Non-Abusive,HRD-028
i swear to god i know where you live and i am watching you and that is final,1,Cyberstalking / Intimidation,STK-000
your family will receive these videos if you do not reply stupid,1,Blackmail / Non-Consensual Extortion,BLK-008
i am frustrated because my code keeps crashing god bless,0,Non-Abusive,HRD-007
quick question could you please review my code before i submit,0,Non-Abusive,CLN-016
you better understand i will slit your throat you useless thing and nobody can save you,1,Physical Violence / Life Threat,VIO-004
look here i created new accounts because you blocked the old ones and nobody can save you,1,Cyberstalking / Intimidation,STK-015
you better understand i will destroy you and everyone in your family foolish girl,1,Physical Violence / Life Threat,VIO-022
i will show up wherever you are until you respond foolish girl,1,Cyberstalking / Intimidation,STK-019
hi i am tired of always being the one who apologises thanks,0,Non-Abusive,HRD-014
listen to me i will tell everyone what a cheap girl you are and that is final,1,Severe Harassment / Defamation / Hate Speech,HAR-011
my landlord is threatening to increase the rent again cheers,0,Non-Abusive,HRD-015
look here i know where you live and i am watching you foolish girl,1,Cyberstalking / Intimidation,STK-000
go and die somewhere nobody wants you here idiot,1,Severe Harassment / Defamation / Hate Speech,HAR-009
send me money or i will leak your nudes and i mean it,1,Blackmail / Non-Consensual Extortion,BLK-000
stupid girl when i catch you i will break your legs idiot,1,Physical Violence / Life Threat,VIO-003
the football match starts at eight tonight,0,Non-Abusive,CLN-022
idiot i have your new number even after you changed it you hear me,1,Cyberstalking / Intimidation,STK-006
please stop calling me i need some space cheers,0,Non-Abusive,HRD-010
hey i will destroy you and everyone in your family stupid,1,Physical Violence / Life Threat,VIO-022
for the last time i will destroy your marriage with these pictures stupid,1,Blackmail / Non-Consensual Extortion,BLK-021
i took pictures of you today without you knowing you will see,1,Cyberstalking / Intimidation,STK-017
hey i created new accounts because you blocked the old ones and that is final,1,Cyberstalking / Intimidation,STK-015
hi let me know when you are free to discuss the report,0,Non-Abusive,CLN-018
stupid girl you will not see the end of this week alive stupid,1,Physical Violence / Life Threat,VIO-006
did you understand what the lecturer said about pointers thanks,0,Non-Abusive,CLN-006
your family will receive these videos if you do not reply you hear me,1,Blackmail / Non-Consensual Extortion,BLK-008
hello congratulations on passing your defence have a good day,0,Non-Abusive,CLN-013
idiot i will post your private chats on facebook for everyone to read foolish girl,1,Blackmail / Non-Consensual Extortion,BLK-009
the wifi in the lab is very slow today ok,0,Non-Abusive,CLN-017
quick question my sister is annoying me but i still love her talk soon,0,Non-Abusive,HRD-032
idiot i will spread the rumour until nobody talks to you again and nobody can save you,1,Severe Harassment / Defamation / Hate Speech,HAR-016
look here you are a disgrace to your family and your tribe so watch yourself,1,Severe Harassment / Defamation / Hate Speech,HAR-012
for the last time your days on this earth are numbered foolish girl,1,Physical Violence / Life Threat,VIO-023
i have your new number even after you changed it and i mean it,1,Cyberstalking / Intimidation,STK-006
stupid girl your days on this earth are numbered,1,Physical Violence / Life Threat,VIO-023
i will make sure you end up in the grave you hear me,1,Physical Violence / Life Threat,VIO-013
quick question my supervisor approved my chapter three god bless,0,Non-Abusive,CLN-028
quick question the boss criticised my presentation quite harshly thanks,0,Non-Abusive,HRD-033
am warning you nobody will ever love a disgusting pig like you,1,Severe Harassment / Defamation / Hate Speech,HAR-001
i have your new number even after you changed it,1,Cyberstalking / Intimidation,STK-006
please remind me to bring my student id tomorrow cheers,0,Non-Abusive,CLN-011
just checking in the horror movie had a scene where someone gets stabbed please,0,Non-Abusive,HRD-024
quick question the assignment deadline was moved to next friday,0,Non-Abusive,CLN-003
for the last time i am counting the hours until i see you in person stupid,1,Cyberstalking / Intimidation,STK-016
by the way the football match starts at eight tonight let me know,0,Non-Abusive,CLN-022
by the way please confirm whether you received my email ok,0,Non-Abusive,CLN-021
hello please stop calling me i need some space please,0,Non-Abusive,HRD-010
you hurt my feelings when you said that in front of everyone god bless,0,Non-Abusive,HRD-006
just checking in the team lost badly and everyone was upset cheers,0,Non-Abusive,HRD-034
you hurt my feelings when you said that in front of everyone ok,0,Non-Abusive,HRD-006
my sister is annoying me but i still love her ok,0,Non-Abusive,HRD-032
i do not like him but i would never wish him harm have a good day,0,Non-Abusive,HRD-030
please the horror movie had a scene where someone gets stabbed thanks,0,Non-Abusive,HRD-024
nobody will ever love a disgusting pig like you and i mean it,1,Severe Harassment / Defamation / Hate Speech,HAR-001
i am telling you i will burn your house down with you inside stupid,1,Physical Violence / Life Threat,VIO-007
idiot i will make sure you end up in the grave and nobody can save you,1,Physical Violence / Life Threat,VIO-013
listen to me you can run but i will always know where you are and i mean it,1,Cyberstalking / Intimidation,STK-014
am warning you i know your mother works at the market on fridays,1,Cyberstalking / Intimidation,STK-008
by the way we are debating whether the death penalty should be abolished,0,Non-Abusive,HRD-031
i swear to god i will make sure you end up in the grave so watch yourself,1,Physical Violence / Life Threat,VIO-013
by the way i will pay the hostel fees on monday have a good day,0,Non-Abusive,CLN-023
we should start revising for the mid semester exams,0,Non-Abusive,CLN-020
am warning you i will share your private moments with your classmates,1,Blackmail / Non-Consensual Extortion,BLK-017
i have screenshots of everything and i will use them against you,1,Blackmail / Non-Consensual Extortion,BLK-019
for the last time i will hurt you so badly you will beg me to stop you will see,1,Physical Violence / Life Threat,VIO-015
you better understand i will share your private moments with your classmates stupid,1,Blackmail / Non-Consensual Extortion,BLK-017
listen to me i will destroy your marriage with these pictures you hear me,1,Blackmail / Non-Consensual Extortion,BLK-021
look here everyone in the hall thinks you are a joke you will see,1,Severe Harassment / Defamation / Hate Speech,HAR-020
hey he shouted at the referee during the match please,0,Non-Abusive,HRD-026
i failed the quiz and i feel awful about it please,0,Non-Abusive,HRD-009
you better understand i have screenshots of everything and i will use them against you,1,Blackmail / Non-Consensual Extortion,BLK-019
please send me the lecture notes when you get a chance thanks,0,Non-Abusive,CLN-000
good morning i do not want to be in this relationship anymore talk soon,0,Non-Abusive,HRD-005
for the last time i took pictures of you today without you knowing and that is final,1,Cyberstalking / Intimidation,STK-017
idiot i have screenshots of everything and i will use them against you and nobody can save you,1,Blackmail / Non-Consensual Extortion,BLK-019
by the way i think we should stop talking to each other for a while please,0,Non-Abusive,HRD-003
i deleted the game because it was too aggressive have a good day,0,Non-Abusive,HRD-025
hi please stop calling me i need some space,0,Non-Abusive,HRD-010
you are a dirty liar and a thief idiot,1,Severe Harassment / Defamation / Hate Speech,HAR-017
hey the exam timetable has been released on the portal talk soon,0,Non-Abusive,CLN-010
for the last time prepare your funeral because i am coming,1,Physical Violence / Life Threat,VIO-021
stupid girl i know where you live and i am watching you stupid,1,Cyberstalking / Intimidation,STK-000
stupid girl i will kill you tonight stupid,1,Physical Violence / Life Threat,VIO-000
we should start revising for the mid semester exams talk soon,0,Non-Abusive,CLN-020
am warning you i have been watching your hostel window every night and nobody can save you,1,Cyberstalking / Intimidation,STK-012
i am disappointed that you did not tell me the truth thanks,0,Non-Abusive,HRD-002
hey i have your new number even after you changed it you will see,1,Cyberstalking / Intimidation,STK-006
stupid girl watch your back because i am coming for you and nobody can save you,1,Physical Violence / Life Threat,VIO-011
the exam timetable has been released on the portal thanks,0,Non-Abusive,CLN-010
by the way the printer in the office is out of toner god bless,0,Non-Abusive,CLN-026
for the last time i saw you at the junction today wearing the blue dress and nobody can save you,1,Cyberstalking / Intimidation,STK-001
stupid girl i will post your private chats on facebook for everyone to read and i mean it,1,Blackmail / Non-Consensual Extortion,BLK-009
i think we should stop talking to each other for a while let me know,0,Non-Abusive,HRD-003
just checking in i am upset that my laptop was stolen last night,0,Non-Abusive,HRD-011
am warning you you are stupid and everyone in class laughs at you and nobody can save you,1,Severe Harassment / Defamation / Hate Speech,HAR-002
listen to me nobody respects you because you are a common prostitute,1,Severe Harassment / Defamation / Hate Speech,HAR-014
by the way good morning hope you slept well,0,Non-Abusive,CLN-024
the team lost badly and everyone was upset god bless,0,Non-Abusive,HRD-034
i swear to god i swear i will beat you until you cannot walk again stupid,1,Physical Violence / Life Threat,VIO-002
nobody will ever love a disgusting pig like you and nobody can save you,1,Severe Harassment / Defamation / Hate Speech,HAR-001
listen to me you are a shameless disgusting creature you hear me,1,Severe Harassment / Defamation / Hate Speech,HAR-021
good morning i will pay the hostel fees on monday,0,Non-Abusive,CLN-023
am warning you you cannot hide from me anywhere in this country stupid,1,Cyberstalking / Intimidation,STK-003
i know your mother works at the market on fridays foolish girl,1,Cyberstalking / Intimidation,STK-008
hello the horror movie had a scene where someone gets stabbed talk soon,0,Non-Abusive,HRD-024
the printer in the office is out of toner god bless,0,Non-Abusive,CLN-026
please our lecturer discussed cyberbullying and harassment in class today cheers,0,Non-Abusive,HRD-020
pay me 2000 cedis by tomorrow or everyone sees your pictures you will see,1,Blackmail / Non-Consensual Extortion,BLK-001
good morning the bus to campus leaves at seven thirty ok,0,Non-Abusive,CLN-014
idiot you disgust me you worthless piece of trash so watch yourself,1,Severe Harassment / Defamation / Hate Speech,HAR-008
quick question we should start revising for the mid semester exams cheers,0,Non-Abusive,CLN-020
the news said a man was killed in an accident on the highway ok,0,Non-Abusive,HRD-018
thank you so much for your help yesterday thanks,0,Non-Abusive,CLN-005
hey i will never leave you alone until you talk to me so watch yourself,1,Cyberstalking / Intimidation,STK-011
hi this is the worst service i have ever received ok,0,Non-Abusive,HRD-004
by the way the seminar covered how to preserve digital evidence of threats,0,Non-Abusive,HRD-029
look here you are worthless and your existence is a mistake and that is final,1,Severe Harassment / Defamation / Hate Speech,HAR-019
hi i finished reading chapter two of the textbook god bless,0,Non-Abusive,CLN-019
could you please review my code before i submit,0,Non-Abusive,CLN-016
i know your mother works at the market on fridays and that is final,1,Cyberstalking / Intimidation,STK-008
stupid girl you are a dirty liar and a thief,1,Severe Harassment / Defamation / Hate Speech,HAR-017
meet me tonight or the pictures go public idiot,1,Blackmail / Non-Consensual Extortion,BLK-011
hello i am writing my project on detecting abusive messages online,0,Non-Abusive,HRD-022
by the way i deleted the game because it was too aggressive god bless,0,Non-Abusive,HRD-025
you disgust me you worthless piece of trash,1,Severe Harassment / Defamation / Hate Speech,HAR-008
look here i will tell everyone what a cheap girl you are,1,Severe Harassment / Defamation / Hate Speech,HAR-011
you are a dead person walking you will see,1,Physical Violence / Life Threat,VIO-017
hi i am disappointed that you did not tell me the truth cheers,0,Non-Abusive,HRD-002
i have submitted my project proposal today have a good day,0,Non-Abusive,CLN-009
by the way the results will be published next month,0,Non-Abusive,CLN-029
idiot i saved everything and i will share it with your employer and nobody can save you,1,Blackmail / Non-Consensual Extortion,BLK-007
your new address will not save you from me and i mean it,1,Cyberstalking / Intimidation,STK-018
hi my supervisor approved my chapter three have a good day,0,Non-Abusive,CLN-028
listen to me i will never leave you alone until you talk to me you hear me,1,Cyberstalking / Intimidation,STK-011
please my landlord is threatening to increase the rent again,0,Non-Abusive,HRD-015
by the way i reported the theft to the police this morning,0,Non-Abusive,HRD-016
for the last time i am uploading your videos to telegram if you do not answer and that is final,1,Blackmail / Non-Consensual Extortion,BLK-014
stupid girl i know your mother works at the market on fridays foolish girl,1,Cyberstalking / Intimidation,STK-008
hey we had a serious argument and i said things i regret let me know,0,Non-Abusive,HRD-013
let me know when you are free to discuss the report talk soon,0,Non-Abusive,CLN-018
you better understand i will kill you tonight and that is final,1,Physical Violence / Life Threat,VIO-000
look here i know where you live and i am watching you and i mean it,1,Cyberstalking / Intimidation,STK-000
hello the film was violent and disturbing and i did not enjoy it,0,Non-Abusive,HRD-012
just checking in the counsellor gave a talk about domestic violence awareness,0,Non-Abusive,HRD-023
i swear to god i know which trotro you take every morning,1,Cyberstalking / Intimidation,STK-013
just checking in the exam timetable has been released on the portal god bless,0,Non-Abusive,CLN-010
idiot i have your new number even after you changed it,1,Cyberstalking / Intimidation,STK-006
hey i know your lecture timetable and where you sit stupid,1,Cyberstalking / Intimidation,STK-005
hello let us meet at the department after the quiz please,0,Non-Abusive,CLN-008
for the last time i will strangle you with my bare hands,1,Physical Violence / Life Threat,VIO-016
you better understand your new address will not save you from me,1,Cyberstalking / Intimidation,STK-018
good morning my landlord is threatening to increase the rent again ok,0,Non-Abusive,HRD-015
i am telling you send me money or i will leak your nudes,1,Blackmail / Non-Consensual Extortion,BLK-000
quick question congratulations on passing your defence let me know,0,Non-Abusive,CLN-013
i am counting the hours until i see you in person so watch yourself,1,Cyberstalking / Intimidation,STK-016
just checking in our lecturer discussed cyberbullying and harassment in class today,0,Non-Abusive,HRD-020
i will kill you tonight you will see,1,Physical Violence / Life Threat,VIO-000
hello let us meet at the department after the quiz god bless,0,Non-Abusive,CLN-008
am warning you your scholarship will be gone when they see what i have and nobody can save you,1,Blackmail / Non-Consensual Extortion,BLK-015
i am telling you you are worthless and your existence is a mistake and i mean it,1,Severe Harassment / Defamation / Hate Speech,HAR-019
i think we should stop talking to each other for a while,0,Non-Abusive,HRD-003
please are we still meeting at the library at four talk soon,0,Non-Abusive,CLN-001
hi happy birthday i hope you have a wonderful day let me know,0,Non-Abusive,CLN-002
just checking in i am frustrated because my code keeps crashing,0,Non-Abusive,HRD-007
listen to me if you block me i will send your photos to your father foolish girl,1,Blackmail / Non-Consensual Extortion,BLK-003
stupid girl i have screenshots of everything and i will use them against you you will see,1,Blackmail / Non-Consensual Extortion,BLK-019
please confirm whether you received my email,0,Non-Abusive,CLN-021
look here one more word and i will finish you completely idiot,1,Physical Violence / Life Threat,VIO-014
hi my landlord is threatening to increase the rent again have a good day,0,Non-Abusive,HRD-015
idiot do what i say or i will send this to your fiance foolish girl,1,Blackmail / Non-Consensual Extortion,BLK-016
good morning happy birthday i hope you have a wonderful day have a good day,0,Non-Abusive,CLN-002
stupid girl i will expose your private pictures to the whole campus you hear me,1,Blackmail / Non-Consensual Extortion,BLK-005
good morning the news said a man was killed in an accident on the highway talk soon,0,Non-Abusive,HRD-018
i am telling you you are a shameless disgusting creature and that is final,1,Severe Harassment / Defamation / Hate Speech,HAR-021
please she was crying because she failed her exam god bless,0,Non-Abusive,HRD-017
please i will pay the hostel fees on monday thanks,0,Non-Abusive,CLN-023
you better understand you are worthless and your existence is a mistake stupid,1,Severe Harassment / Defamation / Hate Speech,HAR-019
please send me the lecture notes when you get a chance talk soon,0,Non-Abusive,CLN-000
the film was violent and disturbing and i did not enjoy it god bless,0,Non-Abusive,HRD-012
i do not like him but i would never wish him harm cheers,0,Non-Abusive,HRD-030
hello thank you so much for your help yesterday,0,Non-Abusive,CLN-005
listen to me i followed you home yesterday and you did not even notice,1,Cyberstalking / Intimidation,STK-002
i am telling you i know which trotro you take every morning so watch yourself,1,Cyberstalking / Intimidation,STK-013
by the way the bus to campus leaves at seven thirty,0,Non-Abusive,CLN-014
i swear to god your family will receive these videos if you do not reply and i mean it,1,Blackmail / Non-Consensual Extortion,BLK-008
good morning my sister is annoying me but i still love her ok,0,Non-Abusive,HRD-032
hi i will pay the hostel fees on monday,0,Non-Abusive,CLN-023
good morning this is the worst service i have ever received,0,Non-Abusive,HRD-004
i took pictures of you today without you knowing,1,Cyberstalking / Intimidation,STK-017
please i am tired of always being the one who apologises,0,Non-Abusive,HRD-014
keep talking and i will bury you myself you will see,1,Physical Violence / Life Threat,VIO-009
good morning are we still meeting at the library at four,0,Non-Abusive,CLN-001
quick question happy birthday i hope you have a wonderful day please,0,Non-Abusive,CLN-002
please i do not want to be in this relationship anymore god bless,0,Non-Abusive,HRD-005
i swear to god i have your new number even after you changed it foolish girl,1,Cyberstalking / Intimidation,STK-006
you better understand i have been watching your hostel window every night,1,Cyberstalking / Intimidation,STK-012
good morning i am tired of always being the one who apologises thanks,0,Non-Abusive,HRD-014
you are a shameless slut who sleeps with everyone foolish girl,1,Severe Harassment / Defamation / Hate Speech,HAR-004
good morning i am travelling to kumasi this weekend for a wedding,0,Non-Abusive,CLN-015
look here you are a useless worthless whore and i mean it,1,Severe Harassment / Defamation / Hate Speech,HAR-000
our lecturer discussed cyberbullying and harassment in class today please,0,Non-Abusive,HRD-020
idiot i will expose your private pictures to the whole campus foolish girl,1,Blackmail / Non-Consensual Extortion,BLK-005
am warning you i will stab you in front of everyone and nobody can save you,1,Physical Violence / Life Threat,VIO-024
please send me the lecture notes when you get a chance let me know,0,Non-Abusive,CLN-000
hey watch your back because i am coming for you foolish girl,1,Physical Violence / Life Threat,VIO-011
for the last time meet me tonight or the pictures go public and that is final,1,Blackmail / Non-Consensual Extortion,BLK-011
idiot you are worthless and your existence is a mistake and i mean it,1,Severe Harassment / Defamation / Hate Speech,HAR-019
i will destroy you and everyone in your family so watch yourself,1,Physical Violence / Life Threat,VIO-022
you better understand i will post your private chats on facebook for everyone to read you hear me,1,Blackmail / Non-Consensual Extortion,BLK-009
just checking in i think we should stop talking to each other for a while,0,Non-Abusive,HRD-003
stupid girl you changed your route today but i still saw you,1,Cyberstalking / Intimidation,STK-010
stupid girl i will expose your private pictures to the whole campus and that is final,1,Blackmail / Non-Consensual Extortion,BLK-005
for the last time you will regret being born when i get my hands on you,1,Physical Violence / Life Threat,VIO-012
look here i saw you at the junction today wearing the blue dress foolish girl,1,Cyberstalking / Intimidation,STK-001
i swear to god send more pictures or i release the ones i already have and i mean it,1,Blackmail / Non-Consensual Extortion,BLK-010
am warning you your scholarship will be gone when they see what i have idiot,1,Blackmail / Non-Consensual Extortion,BLK-015
by the way i am disappointed that you did not tell me the truth please,0,Non-Abusive,HRD-002
look here i am outside your gate right now,1,Cyberstalking / Intimidation,STK-004
you better understand you can run but i will always know where you are stupid,1,Cyberstalking / Intimidation,STK-014
i am writing my project on detecting abusive messages online,0,Non-Abusive,HRD-022
i will smash your face until your own mother cannot recognise you so watch yourself,1,Physical Violence / Life Threat,VIO-010
look here you cannot hide from me anywhere in this country and i mean it,1,Cyberstalking / Intimidation,STK-003
stupid girl go and die somewhere nobody wants you here and nobody can save you,1,Severe Harassment / Defamation / Hate Speech,HAR-009
can you send me the link to the recording thanks,0,Non-Abusive,CLN-007
listen to me i am counting the hours until i see you in person foolish girl,1,Cyberstalking / Intimidation,STK-016
hi i am studying criminal law including offences against the person,0,Non-Abusive,HRD-019
